total_trades,average_return,median_return,win_rate,std_return,trade_level_return_ratio,average_win,average_loss,expected_value
254,0.01405476316864944,0.0017102946099202,0.5118110236220472,0.13196884002461495,0.10650061913121257,0.1005353707599247,0.07661038995123592,0.014054763168649433
