agent,actual_cumulative_return,median_simulated_return,mean_simulated_return,std_simulated_return,actual_percentile,RCSI,RCSI_z
mean_reversion,-0.9948684973305418,5.538313960290982,10.748692082458554,16.631830215419644,0.0,-6.533182457621524,-0.706089493921207
random,2.7730819190002434,54.59066978996056,150.38331428802164,366.1814312036399,2.76,-51.81758787096032,-0.4031068202552651
breakout,107.19784151780524,192.11518402891176,491.3010388908939,1123.0157368459868,34.14,-84.91734251110651,-0.34202833029913765
trend,-0.6856559637116196,156.767050997191,422.9585143620285,984.4302991421912,0.0,-157.45270696090262,-0.4303445055428438
momentum,1.6232537640540927,267.35032449764543,739.9498704512456,1615.0579273548742,0.02,-265.72707073359135,-0.4571517864355587
