agent,actual_cumulative_return,median_simulated_return,mean_simulated_return,std_simulated_return,actual_percentile,p_value,p_value_prominence,p_value_interpretation,lower_5pct,upper_95pct,number_of_trades,transaction_cost,simulation_count,reproducible,seed_used,null_model
trend,-0.6856560348434458,156.76481264225382,422.9657984581418,984.4650634401795,0.0,1.0,-0.0,no evidence,14.433706458282476,1629.0152681021436,361,0.00047,5000,True,42,random_timing_matched_duration
mean_reversion,-0.9948683010771988,5.537980091361092,10.748012429195528,16.630178520657783,0.0,1.0,-0.0,no evidence,0.028843456464568727,38.31647032001929,173,0.00047,5000,True,42,random_timing_matched_duration
random,2.773085436043519,54.59084615204975,150.38279350075643,366.1791818407502,2.76,0.9724,0.012155049828701853,no evidence,4.519793485564447,583.4782658835777,254,0.00047,5000,True,42,random_timing_matched_duration
momentum,1.6232537857835523,267.347807944475,739.9437636145465,1615.0385379330605,0.02,0.9998,8.686758342857122e-05,no evidence,26.852970156078094,2940.3773389647945,167,0.00047,5000,True,42,random_timing_matched_duration
breakout,127.18863252831423,188.32550455789172,499.4869677903096,1200.8184239962975,38.5,0.615,0.21112488422458328,no evidence,18.754244072910733,1841.696540042028,121,0.00047,5000,True,42,random_timing_matched_duration
