total_trades,average_return,median_return,win_rate,std_return,trade_level_return_ratio,average_win,average_loss,expected_value
167,0.03806584256066527,-0.0349067043291128,0.25748502994011974,0.35074292929981593,0.10852918015098885,0.34266499488318286,0.06756128284149808,0.03806584256066527
