total_trades,average_return,median_return,win_rate,std_return,trade_level_return_ratio,average_win,average_loss,expected_value
173,-0.02297547587074395,0.0016643518678717,0.5086705202312138,0.10568622129100128,-0.21739329488829226,0.04535558323331713,0.0937182194137719,-0.022975475870743955
