total_trades,average_return,median_return,win_rate,std_return,trade_level_return_ratio,average_win,average_loss,expected_value
121,0.06057858808670487,-0.0127544257817251,0.49586776859504134,0.23556761876953017,0.25716008169175625,0.21678250916570516,0.09306461297460689,0.06057858808670488
