total_trades,average_return,median_return,win_rate,std_return,trade_level_return_ratio,average_win,average_loss,expected_value
361,0.008265618970848165,-0.0279788022444353,0.2520775623268698,0.18146987599734393,0.04554816013082603,0.19393361059668388,0.054311370799340924,0.008265618970848154
