agent,actual_cumulative_return,median_simulated_return,mean_simulated_return,std_simulated_return,actual_percentile,p_value,p_value_prominence,p_value_interpretation,lower_5pct,upper_95pct,number_of_trades,transaction_cost,execution_cost_model,simulation_count,research_grade,reproducible,seed_used,null_model,bh_adjusted_p_value
trend_pullback,1.576218645193524,6.557424273237936,10.979382830765386,15.898839731427515,13.543228385807096,0.8650674662668666,0.06295002076081753,no evidence,0.5094874789750256,35.42777750202626,54,0.00047,stochastic_spread_slippage_plus_expected_commission,2000,False,True,42,structure_preserving_random_timing,1.0
breakout_volume_momentum,25.49697032657329,2.2630000387755365,4.443716628674596,6.3507053641753,98.05097451274362,0.01999000499750125,1.699187097308249,strong evidence,-0.3154219649157457,16.59600423743341,93,0.00047,stochastic_spread_slippage_plus_expected_commission,2000,False,True,42,structure_preserving_random_timing,0.1199400299850075
mean_reversion_vol_filter,0.0,0.0,0.0,0.0,100.0,1.0,-0.0,no trades,0.0,0.0,0,0.00047,stochastic_spread_slippage_plus_expected_commission,2000,False,True,42,structure_preserving_random_timing,1.0
momentum_relative_strength,0.6867786909420615,55.29788635683248,863.7948815544944,4433.5609689727235,5.047476261869066,0.9500249875062469,0.02226497177076827,no evidence,0.702673308082751,3274.8344805261218,264,0.00047,stochastic_spread_slippage_plus_expected_commission,2000,False,True,42,structure_preserving_random_timing_shared_calendar,1.0
trend_momentum_verification,-0.0445223617619264,6.930679202034579,14.379862280426453,24.169368363482356,2.948525737131434,0.9710144927536232,0.01277428803642889,no evidence,0.231610087370006,52.120245405900846,120,0.00047,stochastic_spread_slippage_plus_expected_commission,2000,False,True,42,structure_preserving_random_timing,1.0
random,0.04885837397053465,2.31969488386191,3.7290123166695492,4.900379460400168,11.094452773613193,0.8895552223888056,0.05082708632731743,no evidence,-0.22208360574630018,12.824706694757143,70,0.00047,stochastic_spread_slippage_plus_expected_commission,2000,False,True,42,structure_preserving_random_timing,1.0
