agent,actual_cumulative_return,median_simulated_return,mean_simulated_return,std_simulated_return,actual_percentile,p_value,p_value_prominence,p_value_interpretation,lower_5pct,upper_95pct,number_of_trades,transaction_cost,simulation_count,reproducible,seed_used,null_model
trend_pullback,-0.15058190091625165,0.3797988857595034,0.5939193010210906,0.9121398973384176,18.060000000000002,0.8194,0.08650404038287648,no evidence,-0.40744892526791693,2.3567983268101274,55,0.00047,5000,True,42,random_timing_matched_duration
breakout_volume_momentum,15.849091729344334,1.555725837790657,2.5943023393761653,3.542365238555993,98.72,0.0128,1.8927900303521317,strong evidence,-0.3574614964796452,8.81080949761007,68,0.00047,5000,True,42,random_timing_matched_duration
mean_reversion_vol_filter,-0.0620590780401088,0.10644790541106279,0.09179943043678505,0.14908088499765088,19.16,0.8084,0.09237369515673362,no evidence,-0.11798320580360729,0.3370811665776789,1,0.00047,5000,True,42,random_timing_matched_duration
momentum_relative_strength,176.65558444089825,42.385115924858965,62.73857544669579,68.24827062354564,94.28,0.0572,1.2426039712069759,weak evidence,9.349477906749762,186.86266508445965,260,0.00047,5000,True,42,random_timing_matched_duration
random,3.259670985525829,1.0812797189643808,1.744807788500073,2.3978052562997507,83.7,0.163,0.7878123955960422,no evidence,-0.3949536236643462,6.228753092646855,117,0.00047,5000,True,42,random_timing_matched_duration
