agent,actual_cumulative_return,median_simulated_return,mean_simulated_return,std_simulated_return,actual_percentile,RCSI,RCSI_z
trend,603.6128513565365,24.46946058264536,48.101064178133534,74.42400126611292,99.76,579.143390773891,7.464148362463025
momentum,577.6921623493204,34.66873757846594,72.42420091499712,121.63240169102488,99.08,543.0234247708545,4.154057261138554
breakout,256.77468280694524,24.03972102744252,47.71001013648328,80.39862154177558,97.8,232.73496177950273,2.6003514570437103
mean_reversion,-0.2479675436970418,1.9431746631718405,3.088409312013781,3.91417712232612,4.34,-2.191142206868882,-0.8523826979316864
random,4.324998853568666,11.240607969354375,20.10082852593627,26.790162460771803,21.42,-6.915609115785709,-0.588866517531119
