agent,actual_cumulative_return,median_simulated_return,mean_simulated_return,std_simulated_return,actual_percentile,p_value,p_value_prominence,p_value_interpretation,lower_5pct,upper_95pct,number_of_trades,transaction_cost,execution_cost_model,simulation_count,research_grade,reproducible,seed_used,null_model,bh_adjusted_p_value
trend_pullback,1.5761938126242772,6.557268321964582,10.978874737577026,15.897690915339082,13.543228385807096,0.8650674662668666,0.06295002076081753,no evidence,0.509507927734483,35.42589348746087,54,0.00047,stochastic_spread_slippage_plus_expected_commission,2000,False,True,42,structure_preserving_random_timing,1.0
breakout_volume_momentum,25.495574830148307,2.2629601083154762,4.443551335126544,6.350352995329776,98.05097451274362,0.01999000499750125,1.699187097308249,strong evidence,-0.31540782384681726,16.595153252060133,93,0.00047,stochastic_spread_slippage_plus_expected_commission,2000,False,True,42,structure_preserving_random_timing,0.10644677661169416
mean_reversion_vol_filter,0.0,0.0,0.0,0.0,100.0,1.0,-0.0,no trades,0.0,0.0,0,0.00047,stochastic_spread_slippage_plus_expected_commission,2000,False,True,42,structure_preserving_random_timing,1.0
momentum_relative_strength,0.6868496440883649,55.29578626849904,863.7129914157849,4433.021401379682,5.047476261869066,0.9500249875062469,0.02226497177076827,no evidence,0.7027066641021797,3274.4775784179847,264,0.00047,stochastic_spread_slippage_plus_expected_commission,2000,False,True,42,structure_preserving_random_timing_shared_calendar,1.0
trend_momentum_verification,4.56326430994426,0.643739576975534,1.072348231959899,1.5600402472929793,96.50174912543729,0.03548225887056472,1.449988739917136,strong evidence,-0.38720172360484734,3.8547501291543305,34,0.00047,stochastic_spread_slippage_plus_expected_commission,2000,False,True,42,structure_preserving_random_timing,0.10644677661169416
random,3.1536262947088023,8.17027052502912,14.631261872138538,20.184282065370788,23.838080959520237,0.7621189405297352,0.11797724495340674,no evidence,0.5722100610157693,52.98553646874634,155,0.00047,stochastic_spread_slippage_plus_expected_commission,2000,False,True,42,structure_preserving_random_timing,1.0
