total_trades,average_return,median_return,win_rate,std_return,trade_level_return_ratio,average_win,average_loss,expected_value
82,0.03250750301716707,0.01308447764239035,0.524390243902439,0.16263464532835334,0.19988055405744345,0.13930324893393028,0.0852416527372129,0.03250750301716707
