agent,actual_cumulative_return,median_simulated_return,mean_simulated_return,std_simulated_return,actual_percentile,RCSI,RCSI_z,simulation_count,bh_adjusted_p_value,research_grade
breakout_volume_momentum,-0.0225609945105561,-0.0433830329886384,-0.0337210510825707,0.1704275321082805,55.02248875562219,0.011160056572014604,0.06548270947750452,2000,0.8725637181409296,False
random,-0.1549017451577516,-0.1546620949617847,-0.1107718355784431,0.2744523813948503,49.97501249375313,-0.0441299095793085,-0.16079259125035428,2000,0.8725637181409296,False
trend_momentum_verification,-0.2353684094881118,-0.2079436878185362,-0.1706004898554884,0.2613182545510507,45.37731134432784,-0.0647679196326234,-0.2478507280093992,2000,0.8725637181409296,False
mean_reversion_vol_filter,-0.3000436076119147,-0.1393757010275795,-0.1227817305603004,0.1796327459953845,15.392303848075962,-0.17726187705161428,-0.9868015771254137,2000,0.9245377311344328,False
trend_pullback,-0.335086573727883,-0.0377066321559918,0.0025955288548165,0.2725770141512507,7.596201899050476,-0.3376821025826995,-1.2388502516772104,2000,0.9245377311344328,False
momentum_relative_strength,0.2910991542171796,0.518485727931489,1.1325862566594702,2.2287124733174353,41.879060469765115,-0.8414871024422906,-0.3775664705594519,2000,0.8725637181409296,False
