agent,actual_cumulative_return,median_simulated_return,mean_simulated_return,std_simulated_return,actual_percentile,p_value,p_value_prominence,p_value_interpretation,lower_5pct,upper_95pct,number_of_trades,transaction_cost,execution_cost_model,simulation_count,research_grade,reproducible,seed_used,null_model,bh_adjusted_p_value
trend_pullback,1.576218645193524,6.557424273237936,10.979382830765386,15.898839731427515,13.543228385807096,0.8650674662668666,0.06295002076081753,no evidence,0.5094874789750256,35.42777750202626,54,0.00047,stochastic_spread_slippage_plus_expected_commission,2000,False,True,42,structure_preserving_random_timing,1.0
breakout_volume_momentum,25.49697032657329,2.2630000387755365,4.443716628674596,6.3507053641753,98.05097451274362,0.01999000499750125,1.699187097308249,strong evidence,-0.3154219649157457,16.59600423743341,93,0.00047,stochastic_spread_slippage_plus_expected_commission,2000,False,True,42,structure_preserving_random_timing,0.1199400299850075
mean_reversion_vol_filter,0.0,0.0,0.0,0.0,100.0,1.0,-0.0,no trades,0.0,0.0,0,0.00047,stochastic_spread_slippage_plus_expected_commission,2000,False,True,42,structure_preserving_random_timing,1.0
momentum_relative_strength,0.6867786909420615,55.29788635683248,863.7948815544944,4433.5609689727235,5.047476261869066,0.9500249875062469,0.02226497177076827,no evidence,0.702673308082751,3274.8344805261218,264,0.00047,stochastic_spread_slippage_plus_expected_commission,2000,False,True,42,structure_preserving_random_timing_shared_calendar,1.0
trend_momentum_verification,3.1485490552001036,0.46785032394476234,0.7836034568071123,1.2511698849354551,95.2023988005997,0.04847576211894053,1.3144753543699665,strong evidence,-0.45888584330591764,3.0743785057606883,30,0.00047,stochastic_spread_slippage_plus_expected_commission,2000,False,True,42,structure_preserving_random_timing,0.1454272863568216
random,3.153589332644353,8.17047461731589,14.631970687648117,20.18574356239416,23.838080959520237,0.7621189405297352,0.11797724495340674,no evidence,0.572160792803193,52.989493040497806,155,0.00047,stochastic_spread_slippage_plus_expected_commission,2000,False,True,42,structure_preserving_random_timing,1.0
