agent,actual_cumulative_return,median_simulated_return,mean_simulated_return,std_simulated_return,actual_percentile,p_value,p_value_prominence,p_value_interpretation,lower_5pct,upper_95pct,number_of_trades,transaction_cost,execution_cost_model,simulation_count,research_grade,reproducible,seed_used,null_model,bh_adjusted_p_value
trend_pullback,0.5674583126506714,0.4080526113585241,0.46676026427291,0.44708407811929146,64.00719856028795,0.36012797440511896,0.44354314172813447,no evidence,-0.14354176518961786,1.3038775093407868,116,0.00047,stochastic_spread_slippage_plus_expected_commission,5000,True,True,42,structure_preserving_random_timing,0.7962407518496301
breakout_volume_momentum,0.06406952251557033,0.13491686044489332,0.1634591528863162,0.3088312340787019,41.071785642871426,0.5894821035792841,0.22952937536065393,no evidence,-0.2835846514042256,0.7294030803053079,86,0.00047,stochastic_spread_slippage_plus_expected_commission,5000,True,True,42,structure_preserving_random_timing,0.853989202159568
mean_reversion_vol_filter,0.13282497573641036,0.020301983828069328,0.021842595998348098,0.09941286820269504,87.5624875024995,0.1245750849830034,0.9045688078884981,no evidence,-0.1450711244753328,0.18411469029651112,16,0.00047,stochastic_spread_slippage_plus_expected_commission,5000,True,True,42,structure_preserving_random_timing,0.7474505098980204
momentum_relative_strength,0.47028642504389534,1.3101824052899835,1.4627570371769478,0.8614032047390298,8.018396320735853,0.9200159968006398,0.036204621282871614,no evidence,0.3787822399358898,3.1169929352862336,178,0.00047,stochastic_spread_slippage_plus_expected_commission,5000,True,True,42,structure_preserving_random_timing_shared_calendar,0.92001599680064
trend_momentum_verification,0.8191502358136508,1.3450231671758068,1.5296244737963893,1.0762238719981092,28.854229154169165,0.7116576684663067,0.14772886654382186,no evidence,0.17482861458430052,3.57968273505551,267,0.00047,stochastic_spread_slippage_plus_expected_commission,5000,True,True,42,structure_preserving_random_timing,0.853989202159568
random,1.1400201468791042,0.9334151662339479,1.1026753198805448,0.8852807200788613,60.20795840831834,0.39812037592481503,0.3999855945202582,no evidence,-0.010629904322634009,2.7381912696736728,231,0.00047,stochastic_spread_slippage_plus_expected_commission,5000,True,True,42,structure_preserving_random_timing,0.7962407518496301
