agent,actual_cumulative_return,median_simulated_return,mean_simulated_return,std_simulated_return,actual_percentile,RCSI,RCSI_z
trend,0.0962984260903632,-0.1168501876585996,-0.1014905817968587,0.1872296636204247,85.61999999999999,0.2131486137489628,1.056397816791491
momentum,0.1521095061792995,-0.0583266510288004,-0.0360072168014911,0.2049742240632907,82.76,0.21043615720809988,0.9177579465928607
breakout,0.1453450339794454,-0.0295254227378695,-0.007648929934757,0.2015105903870409,79.28,0.1748704567173149,0.759235351453972
mean_reversion,-0.1839130696884924,-0.0389000200156944,-0.0230676799144136,0.1827499901696311,19.24,-0.145013049672798,-0.8801389790761677
random,-0.448250356177302,-0.0771052151421321,-0.0600500098338654,0.1956625117503636,0.62,-0.37114514103516993,-1.984030271668611
