total_trades,average_return,median_return,win_rate,std_return,trade_level_return_ratio,average_win,average_loss,expected_value
123,-0.004544961106040293,-0.0032835742062755,0.3983739837398374,0.023241245625641713,-0.19555583118255532,0.013793898932261253,0.016688260320591314,-0.00454496110604029
