agent,actual_cumulative_return,median_simulated_return,mean_simulated_return,std_simulated_return,actual_percentile,p_value,p_value_prominence,p_value_interpretation,lower_5pct,upper_95pct,number_of_trades,transaction_cost,simulation_count,reproducible,seed_used,null_model
trend_pullback,0.03377873775421501,-0.044881662480315165,-0.04147193396861527,0.1014931537399208,78.44,0.2156,0.6663512434852988,no evidence,-0.19652269766535907,0.1339324151872123,84,0.00047,5000,True,42,random_timing_matched_duration
breakout_volume_momentum,-0.056281270884434326,-0.018372012228692843,-0.01490048805958652,0.09357306422455156,33.900000000000006,0.661,0.17979854051435976,no evidence,-0.16023132671093362,0.14565545753832176,33,0.00047,5000,True,42,random_timing_matched_duration
mean_reversion_vol_filter,0.0035318567297308425,-0.05456782112877466,-0.04720604682016227,0.11143278764990065,70.0,0.3,0.5228787452803376,no evidence,-0.2175591032583341,0.14954253134226986,121,0.00047,5000,True,42,random_timing_matched_duration
volatility_managed_tsmom,0.04465670594370917,-0.014513092402595648,0.0003363823089794224,0.17251287788596933,63.260000000000005,0.3674,0.43486084803021047,no evidence,-0.25609770221728506,0.30678857334924425,54,0.00047,5000,True,42,random_timing_matched_duration
momentum_relative_strength,0.03609636713818048,-0.14205775200504833,-0.12089347111779129,0.21182437634010484,78.56,0.2144,0.6687752189792676,no evidence,-0.42517472886649105,0.26156359508176025,137,0.00047,5000,True,42,random_peer_rotation_matched_duration
random,-0.03193568086412499,-0.09011663734364472,-0.0736148722064188,0.15519758615297288,64.48,0.3552,0.4495270428934366,no evidence,-0.3068483873672798,0.20009899955190355,172,0.00047,5000,True,42,random_timing_matched_duration
