agent,actual_cumulative_return,median_simulated_return,mean_simulated_return,std_simulated_return,actual_percentile,p_value,p_value_prominence,p_value_interpretation,lower_5pct,upper_95pct,number_of_trades,transaction_cost,simulation_count,reproducible,seed_used,null_model
trend,0.09629842609036321,-0.11685018765859967,-0.10149058179685871,0.18722966362042479,85.61999999999999,0.1438,0.8422411139531362,no evidence,-0.3779394449897988,0.23003592680108964,198,0.00047,5000,True,42,random_timing_matched_duration
mean_reversion,-0.18391306968849241,-0.0389000200156944,-0.023067679914413667,0.1827499901696311,19.24,0.8076,0.09280368972839834,no evidence,-0.29167822640151314,0.2972989391196396,91,0.00047,5000,True,42,random_timing_matched_duration
random,-0.448250356177302,-0.07710521514213212,-0.060050009833865464,0.19566251175036362,0.62,0.9938,0.0027010075904860013,no evidence,-0.34320412533197353,0.293103057274031,123,0.00047,5000,True,42,random_timing_matched_duration
momentum,0.15210950617929958,-0.058326651028800455,-0.036007216801491174,0.20497422406329074,82.76,0.1724,0.763462738511306,no evidence,-0.33165973198853027,0.3307795731157786,87,0.00047,5000,True,42,random_timing_matched_duration
breakout,0.14534503397944545,-0.029525422737869518,-0.007648929934757027,0.2015105903870409,79.28,0.2072,0.6836102489268046,no evidence,-0.2991868669774355,0.34721303129615844,47,0.00047,5000,True,42,random_timing_matched_duration
