agent,actual_cumulative_return,median_simulated_return,mean_simulated_return,std_simulated_return,actual_percentile,RCSI,RCSI_z
momentum_relative_strength,0.0360963671381804,-0.1443867792064282,-0.1192478089367253,0.2105121816594578,78.5,0.1804831463446086,0.7379343791429775
trend_pullback,0.033778737754215,-0.0448816624803151,-0.0414719339686152,0.1014931537399208,78.44,0.07866040023453011,0.741435938779302
random,-0.0319356808641249,-0.0939685121685166,-0.0790789729908774,0.1493817727025938,65.66,0.062032831304391696,0.31558932039594095
mean_reversion_vol_filter,0.0035318567297308,-0.0545678211287746,-0.0472060468201622,0.1114327876499006,70.0,0.058099677858505394,0.45532293160699955
breakout_volume_momentum,-0.0562812708844343,-0.0183720122286928,-0.0149004880595865,0.0935730642245515,33.900000000000006,-0.0379092586557415,-0.4422296434104634
