total_trades,average_return,median_return,win_rate,std_return,trade_level_return_ratio,average_win,average_loss,expected_value
39,0.03182619773191179,-0.0320792916790673,0.2564102564102564,0.2772373235739479,0.11479766620753262,0.29791134839321615,0.05992730249612421,0.031826197731911775
