agent,actual_cumulative_return,median_simulated_return,mean_simulated_return,std_simulated_return,actual_percentile,RCSI,RCSI_z,simulation_count,bh_adjusted_p_value,research_grade
mean_reversion_vol_filter,0.0432697886687554,0.015341232129438,0.0146261213624711,0.0740359134529355,65.90681863627275,0.0286436673062843,0.38688882152434073,5000,0.9644071185762848,True
breakout_volume_momentum,0.1786119186770025,0.4133568553863196,0.4952745606727133,0.5186751924589593,29.27414517096581,-0.3166626419957108,-0.6105220504078129,5000,0.9644071185762848,True
trend_pullback,0.4792670698617144,0.7090396697239645,0.845351465493939,0.7724587286199417,36.5126974605079,-0.3660843956322246,-0.4739209773527489,5000,0.9644071185762848,True
trend_momentum_verification,1.1825554324065486,1.3525068561843048,1.5554424576246015,1.171887879310442,43.691261747650465,-0.37288702521805295,-0.3181934311305155,5000,0.9644071185762848,True
momentum_relative_strength,0.2886405179374524,0.7090685130140534,0.7986401144337224,0.5622763961910893,17.616476704659068,-0.50999959649627,-0.9070265085837731,5000,0.9644071185762848,True
random,0.1825274521084387,1.825876292462702,2.169017998096773,1.6195517170844125,3.579284143171366,-1.9864905459883342,-1.226568145390566,5000,0.9644071185762848,True
