agent,actual_cumulative_return,median_simulated_return,mean_simulated_return,std_simulated_return,actual_percentile,RCSI,RCSI_z
random,0.3776668462311561,-0.2660930170805128,6.892698872987718,59.682789108827954,61.48,0.6437598633116689,-0.1091609846663968
momentum,-0.2811924551610293,-0.3707043790388008,6.788122069938322,39.42020427010157,52.38,0.08951192387777152,-0.17933226516690337
breakout,-0.8108206647352417,-0.3618255860735178,5.2975509360993644,27.843247737202,30.04,-0.44899507866172395,-0.21938430669038192
trend,-0.8145204330763112,-0.3515843468406852,5.878151637866191,40.35165981108081,29.7,-0.462936086235626,-0.16585865618109355
mean_reversion,-0.8620587904963659,-0.2317937706346824,3.555906813146217,32.36769810853476,17.0,-0.6302650198616835,-0.13649304281164334
