agent,actual_cumulative_return,median_simulated_return,mean_simulated_return,std_simulated_return,actual_percentile,p_value,p_value_prominence,p_value_interpretation,lower_5pct,upper_95pct,number_of_trades,transaction_cost,simulation_count,reproducible,seed_used,null_model
trend,-0.8145204330763112,-0.4159724760850869,5.591908919882939,41.02144554102103,30.98,0.6902,0.16102504504453194,no evidence,-0.9865480358040954,23.001650293865545,248,0.00082,5000,True,42,random_timing_matched_duration
mean_reversion,-0.8620587904963659,-0.25556715890619397,3.3856547787221833,18.292319668094798,18.38,0.8162,0.08820340956274787,no evidence,-0.9646300532603092,16.50687903653717,118,0.00082,5000,True,42,random_timing_matched_duration
random,0.37766684623115615,-0.28016210036457584,6.836926473749097,65.22742938437922,62.1,0.379,0.42136079003192767,no evidence,-0.9832099045478558,25.60584974810847,168,0.00082,5000,True,42,random_timing_matched_duration
momentum,-0.28119245516102936,-0.4313056111878417,10.546158185050443,102.96892399348785,53.959999999999994,0.4604,0.3368646850422458,no evidence,-0.9891479452088096,32.24359595436958,128,0.00082,5000,True,42,random_timing_matched_duration
breakout,-0.8108206647352417,-0.36789555387608,5.636986201933854,32.60686488798252,29.94,0.7006,0.1545298670183264,no evidence,-0.9845116758572807,24.77578367950948,76,0.00082,5000,True,42,random_timing_matched_duration
