agent,actual_cumulative_return,median_simulated_return,mean_simulated_return,std_simulated_return,actual_percentile,RCSI,RCSI_z
momentum,10.826848858080142,7.395206969948195,8.551636452428754,5.223056140409288,73.61999999999999,3.4316418881319475,0.43560941036967255
random,2.690048946116105,1.3328204695858576,1.7906712832509255,1.8526717312035583,77.56,1.3572284765302474,0.4854490127513919
mean_reversion,1.7964130310227389,0.9604564259639756,1.1439863055078234,0.9869695709279837,78.96,0.8359566050587632,0.6610403651061711
trend,1.5349016863536875,3.5706678848574995,4.528038137738117,3.8220449302988566,17.18,-2.0357661985038122,-0.7831243499145334
breakout,0.6877207787591748,3.2787601046903925,4.197159615238565,3.489106103209336,5.800000000000001,-2.5910393259312174,-1.0058274906719953
