total_trades,average_return,median_return,win_rate,std_return,trade_level_return_ratio,average_win,average_loss,expected_value
20,0.09146674739303315,0.0276935385377831,0.55,0.24740033554947508,0.36971149287201205,0.24379355340866102,0.09471045995940092,0.09146674739303318
