agent,actual_cumulative_return,median_simulated_return,mean_simulated_return,std_simulated_return,actual_percentile,p_value,p_value_prominence,p_value_interpretation,lower_5pct,upper_95pct,number_of_trades,transaction_cost,simulation_count,reproducible,seed_used,null_model
trend_pullback,0.7377233900497738,0.4191425231088558,0.5309601941197796,0.6317158957619349,69.19999999999999,0.308,0.5114492834995558,no evidence,-0.30466977735023837,1.7596365392485427,35,0.00047,500,True,42,random_timing_matched_duration
breakout_volume_momentum,-0.09172957283621541,1.056725013265949,1.3951025522862528,1.4177335589768856,5.800000000000001,0.942,0.025949097207122653,no evidence,-0.11645796765843262,4.105411568645846,25,0.00047,500,True,42,random_timing_matched_duration
mean_reversion_vol_filter,-0.032003616518855436,0.005130231646825817,0.02081526152388192,0.08959677820961875,27.800000000000004,0.722,0.14146280243036088,no evidence,-0.09919726420896775,0.18995933064857065,2,0.00047,500,True,42,random_timing_matched_duration
volatility_managed_tsmom,0.2901520047267159,0.509967440302446,0.5621970725234248,0.37066916187018717,25.6,0.744,0.1284270644541213,no evidence,0.0814287228142664,1.2657312733208885,15,0.00047,500,True,42,random_timing_matched_duration
momentum_relative_strength,1.2725631128756407,0.2842696271277566,0.3656888879699258,0.5364584246875341,95.0,0.05,1.3010299956639813,weak evidence,-0.2761834338166193,1.2725322382981543,39,0.00047,500,True,42,random_peer_rotation_matched_duration
random,0.44631995005340824,0.39050449212523636,0.5568583264010788,0.7289305631154177,53.2,0.468,0.32975414692587596,no evidence,-0.253735323233521,2.1826374685064245,26,0.00047,500,True,42,random_timing_matched_duration
