agent,actual_cumulative_return,median_simulated_return,mean_simulated_return,std_simulated_return,actual_percentile,RCSI,RCSI_z
random,0.4432978610908025,0.2945099939767465,0.4086650704382279,0.5926811760982243,60.38,0.148787867114056,0.05843409922442842
mean_reversion_vol_filter,-0.011322459552693,0.0231273299263434,0.0321884573890091,0.155977887297093,41.2,-0.0344497894790364,-0.27895567567745244
volatility_managed_tsmom,0.7834869929441808,0.9123551898369252,1.129774787753593,1.034690979051729,43.82,-0.12886819689274442,-0.334677504511325
trend_pullback,-0.2125900534161853,0.1098328702051036,0.1536703105059254,0.3399803515082283,11.88,-0.3224229236212889,-1.0772986212211924
breakout_volume_momentum,-0.2246040334020733,0.1368728286964927,0.1709090844108997,0.3003870720908891,6.819999999999999,-0.361476862098566,-1.316678228060698
momentum_relative_strength,0.2374651133521539,1.252068406282791,1.552059844258305,1.3416899421524984,11.46,-1.014603292930637,-0.9798051618372587
