agent,actual_cumulative_return,median_simulated_return,mean_simulated_return,std_simulated_return,actual_percentile,p_value,p_value_prominence,p_value_interpretation,lower_5pct,upper_95pct,number_of_trades,transaction_cost,execution_cost_model,simulation_count,research_grade,reproducible,seed_used,null_model,bh_adjusted_p_value
trend_pullback,-0.02689696068041383,0.01229308328791339,0.0158748656751215,0.08861760446682056,32.23355328934213,0.6778644271145771,0.16885715634458562,no evidence,-0.12616125493654298,0.1644187824345753,64,0.00047,stochastic_spread_slippage_plus_expected_commission,5000,True,True,42,structure_preserving_random_timing,0.8473305338932213
breakout_volume_momentum,0.1036937024493631,0.0529341652104041,0.0578473615727984,0.11211489950658184,67.00659868026395,0.3301339732053589,0.4813097812848741,no evidence,-0.11783103086636583,0.2501372635918931,67,0.00047,stochastic_spread_slippage_plus_expected_commission,5000,True,True,42,structure_preserving_random_timing,0.8253349330133973
mean_reversion_vol_filter,-0.012956230424835388,-0.0017406763690474964,-0.0017316941328915738,0.03466391670096985,36.772645470905815,0.6324735052989402,0.19895766263194492,no evidence,-0.058881655802634186,0.05510763578657507,14,0.00047,stochastic_spread_slippage_plus_expected_commission,5000,True,True,42,structure_preserving_random_timing,0.8473305338932213
momentum_relative_strength,-0.08224227621753079,0.4978389977333356,0.6069944457387272,0.5029786691390892,2.1195760847830436,0.979004199160168,0.009215445410162964,no evidence,-0.0029334117326217136,1.557822009856437,255,0.00047,stochastic_spread_slippage_plus_expected_commission,5000,True,True,42,structure_preserving_random_timing_shared_calendar,0.9790041991601679
random,0.16874737442633836,0.0646014250212986,0.07448182378261838,0.1451255707875763,75.64487102579484,0.24375124975005,0.6130531489292859,no evidence,-0.14475301488189365,0.32822121336284354,90,0.00047,stochastic_spread_slippage_plus_expected_commission,5000,True,True,42,structure_preserving_random_timing,0.8253349330133973
