agent,actual_cumulative_return,median_simulated_return,mean_simulated_return,std_simulated_return,actual_percentile,p_value,p_value_prominence,p_value_interpretation,lower_5pct,upper_95pct,number_of_trades,transaction_cost,execution_cost_model,simulation_count,research_grade,reproducible,seed_used,null_model,bh_adjusted_p_value
trend_pullback,0.5769300313737311,0.299140322935324,0.41840589372619885,0.6561316553289913,67.81609195402298,0.32233883058470764,0.49168737400094364,no evidence,-0.37229956007769494,1.6652805085617155,109,0.00047,stochastic_spread_slippage_plus_expected_commission,2000,False,True,42,structure_preserving_random_timing,0.8305847076461769
breakout_volume_momentum,0.3631725188157723,0.24777493355711055,0.36348447205016726,0.5864813250246426,58.520739630184906,0.41529235382308843,0.38164606485210045,no evidence,-0.3692425744641921,1.5169165115957648,99,0.00047,stochastic_spread_slippage_plus_expected_commission,2000,False,True,42,structure_preserving_random_timing,0.8305847076461769
mean_reversion_vol_filter,-0.08305878514180115,0.008143574156337374,0.005680778927528832,0.049870138680752026,4.897551224387806,0.9515242378810594,0.021580144587755878,no evidence,-0.08160963084124638,0.08147385160028021,4,0.00047,stochastic_spread_slippage_plus_expected_commission,2000,False,True,42,structure_preserving_random_timing,1.0
momentum_relative_strength,0.014946770575668648,10.538476073448676,15.35691026731917,16.03804713253419,0.04997501249375312,1.0,-0.0,no evidence,2.0487229502345223,45.0452693080153,1048,0.00047,stochastic_spread_slippage_plus_expected_commission,2000,False,True,42,structure_preserving_random_timing_shared_calendar,1.0
trend_momentum_verification,1.6517074966900618,0.4249774118130555,0.6565208537046814,0.9980781877706978,87.50624687656172,0.12543728135932034,0.9015733671551733,no evidence,-0.43212139627026347,2.5473462154854514,86,0.00047,stochastic_spread_slippage_plus_expected_commission,2000,False,True,42,structure_preserving_random_timing,0.7526236881559221
random,0.24993613494824354,1.1112085057164998,1.524331751358802,1.603013575012021,18.640679660169916,0.8140929535232384,0.089326004327702,no evidence,-0.17937741675114005,4.575682802082727,226,0.00047,stochastic_spread_slippage_plus_expected_commission,2000,False,True,42,structure_preserving_random_timing,1.0
