total_trades,average_return,median_return,win_rate,std_return,trade_level_return_ratio,average_win,average_loss,expected_value,average_holding_period_days,average_holding_period_hours,average_holding_bars,trades_per_month,stop_loss_exit_rate,take_profit_exit_rate
226,0.0023085248856039124,0.00829498306445025,0.5752212389380531,0.05070830097473683,0.04552558143791946,0.03386850348377784,0.04042894613275661,0.002308524885603916,17.98230088495575,431.57522123893807,12.349557522123893,0.7328086715670608,0.0,0.0
