total_trades,average_return,median_return,win_rate,std_return,trade_level_return_ratio,average_win,average_loss,expected_value
146,0.007428831255314292,0.0056658788688244005,0.5821917808219178,0.07094620733840905,0.1047107595178305,0.04377331485155031,0.043215121296817864,0.007428831255314291
