total_trades,average_return,median_return,win_rate,std_return,trade_level_return_ratio,average_win,average_loss,expected_value
78,0.018079701066815994,0.0147334571591532,0.5384615384615384,0.09542366819925321,0.18946768037740858,0.08449080589503209,0.059399921232769444,0.018079701066815994
