agent,actual_cumulative_return,median_simulated_return,mean_simulated_return,std_simulated_return,actual_percentile,p_value,p_value_prominence,p_value_interpretation,lower_5pct,upper_95pct,number_of_trades,transaction_cost,execution_cost_model,simulation_count,research_grade,reproducible,seed_used,null_model,bh_adjusted_p_value
trend_pullback,0.5770096844683336,0.30134042640735714,0.4217217725167228,0.6590493007255486,67.31634182908546,0.32733633183408295,0.48500578864442834,no evidence,-0.3628109061601119,1.6506131983500558,109,0.00047,stochastic_spread_slippage_plus_expected_commission,2000,False,True,42,structure_preserving_random_timing,0.5974512743628186
breakout_volume_momentum,0.3890721350157844,0.25152921881957924,0.3680332545327838,0.5688574866612415,60.21989005497252,0.3983008495752124,0.39978876724009904,no evidence,-0.34372136280410537,1.451611930846673,98,0.00047,stochastic_spread_slippage_plus_expected_commission,2000,False,True,42,structure_preserving_random_timing,0.5974512743628186
mean_reversion_vol_filter,-0.08305926410919477,0.008404186617494962,0.005782891523821479,0.05020493377634831,5.147426286856572,0.9490254872563718,0.022722123899193866,no evidence,-0.0845952295458152,0.08367721749200262,4,0.00047,stochastic_spread_slippage_plus_expected_commission,2000,False,True,42,structure_preserving_random_timing,1.0
momentum_relative_strength,0.014770266221850584,10.537974893233372,15.359740680723958,16.04717875857289,0.04997501249375312,1.0,-0.0,no evidence,2.048344837879693,45.062723270226954,1048,0.00047,stochastic_spread_slippage_plus_expected_commission,2000,False,True,42,structure_preserving_random_timing_shared_calendar,1.0
trend_momentum_verification,1.1288814461932484,0.7232110693896355,1.0524892913717407,1.3176149210549504,64.41779110444777,0.3563218390804598,0.4481575587843458,no evidence,-0.3360369419510953,3.5296543489824,277,0.00047,stochastic_spread_slippage_plus_expected_commission,2000,False,True,42,structure_preserving_random_timing,0.5974512743628186
random,0.9212988199593198,0.4165280503372665,0.6100380356126108,0.8745523017459186,73.61319340329835,0.26436781609195403,0.5777914166010256,no evidence,-0.3706827032505572,2.2295149294065877,126,0.00047,stochastic_spread_slippage_plus_expected_commission,2000,False,True,42,structure_preserving_random_timing,0.5974512743628186
