agent,actual_cumulative_return,median_simulated_return,mean_simulated_return,std_simulated_return,actual_percentile,RCSI,RCSI_z,simulation_count,bh_adjusted_p_value,research_grade
trend_pullback,0.7198317293350057,0.3099414439215847,0.4352105281470392,0.6607044711863616,73.91304347826086,0.2846212011879665,0.4307844332836138,2000,0.7756121939030485,False
trend_momentum_verification,1.1288777992718413,0.7232025586894983,1.0617521821309328,1.315062277763797,64.16791604197901,0.06712561714090848,0.051043679281145914,2000,0.7756121939030485,False
breakout_volume_momentum,0.3938271608825501,0.2440158770720127,0.3545766951601803,0.5758606158349323,61.269365317341325,0.03925046572236979,0.06815966336829804,2000,0.7756121939030485,False
mean_reversion_vol_filter,-0.0830592531877735,0.0081430620360147,0.0056807698593414,0.0498701640636135,4.897551224387806,-0.08874002304711491,-1.7794211170815422,2000,1.0,False
random,0.2504524047989729,1.1114454157277562,1.5245279256388178,1.603406960229098,18.69065467266367,-1.2740755208398449,-0.7946052078118724,2000,1.0,False
momentum_relative_strength,0.0147701800327726,10.537979364823892,15.359750032890624,16.04719462603804,0.0499750124937531,-15.34497985285785,-0.9562406520551088,2000,1.0,False
