agent,actual_cumulative_return,median_simulated_return,mean_simulated_return,std_simulated_return,actual_percentile,RCSI,RCSI_z,simulation_count,bh_adjusted_p_value,research_grade
trend_pullback,0.6420856047057543,0.2818513941961929,0.4111103540775652,0.6386859299889796,70.4647676161919,0.23097525062818908,0.3616413635919215,2000,0.7756121939030485,False
trend_momentum_verification,1.128883005514587,0.7231961958738684,1.0524952012673965,1.3176012765468608,64.41779110444777,0.0763878042471906,0.05797490151754103,2000,0.7756121939030485,False
breakout_volume_momentum,0.3938247039942156,0.2505207217017381,0.3597331786830783,0.5906044047684107,61.269365317341325,0.034091525311137294,0.05772311387434598,2000,0.7756121939030485,False
mean_reversion_vol_filter,-0.0830593956637483,0.0084040219338675,0.0057828681619832,0.0502049634197571,5.147426286856572,-0.0888422638257315,-1.7695912470433055,2000,1.0,False
random,-0.181073557316302,1.1051783065042895,1.4621722586620272,1.5405632838432306,5.697151424287856,-1.6432458159783292,-1.0666525894859296,2000,1.0,False
momentum_relative_strength,0.0147701226884588,10.538114266537566,15.359752546942138,16.04719114524425,0.0499750124937531,-15.34498242425368,-0.9562410197127442,2000,1.0,False
