agent,actual_cumulative_return,median_simulated_return,mean_simulated_return,std_simulated_return,actual_percentile,RCSI,RCSI_z
momentum,12.031173103288095,3.9097716657053105,4.864627810562311,3.706618646483367,95.26,8.121401437582785,1.9334455405939865
trend,4.439711095380557,2.360528292917847,2.996844840911493,2.472703859425207,79.2,2.07918280246271,0.5835176133079136
mean_reversion,0.7612944074894061,0.5200870906988164,0.7139362952907201,0.8747865007451419,61.82,0.2412073167905897,0.054136766123330037
random,0.9868924067797408,1.3512384452862407,1.783288446220952,1.7841541587513938,37.98,-0.36434603850649994,-0.4463717641969647
breakout,2.1591402065926033,2.6361536841364517,3.3553144573654965,2.753178924206699,40.18,-0.4770134775438484,-0.4344702192276003
