agent,actual_cumulative_return,median_simulated_return,mean_simulated_return,std_simulated_return,actual_percentile,p_value,p_value_prominence,p_value_interpretation,lower_5pct,upper_95pct,number_of_trades,transaction_cost,simulation_count,reproducible,seed_used,null_model
trend_pullback,-0.21259005341618536,0.1098328702051036,0.1536703105059254,0.3399803515082283,11.88,0.8812,0.05492551152127,no evidence,-0.3196727886200194,0.7812116746663489,122,0.00047,5000,True,42,random_timing_matched_duration
breakout_volume_momentum,-0.22460403340207336,0.13687282869649275,0.1709090844108997,0.3003870720908891,6.819999999999999,0.9318,0.03067729388779786,no evidence,-0.2560600144452835,0.7264171233885516,45,0.00047,5000,True,42,random_timing_matched_duration
mean_reversion_vol_filter,-0.011322459552693042,0.023127329926343407,0.03218845738900919,0.15597788729709308,41.199999999999996,0.588,0.23062267392386154,no evidence,-0.20626764651670207,0.2970175136822313,45,0.00047,5000,True,42,random_timing_matched_duration
volatility_managed_tsmom,0.7834869929441808,0.9123551898369251,1.129774787753593,1.0346909790517287,43.82,0.5618,0.25041826513444077,no evidence,-0.10577032650544,3.14432438330368,85,0.00047,5000,True,42,random_timing_matched_duration
momentum_relative_strength,0.2374651133521539,1.252068406282791,1.5520598442583047,1.3416899421524984,11.459999999999999,0.8854,0.05286048235717089,no evidence,-0.0024568735332145546,4.1111068741486765,222,0.00047,5000,True,42,random_peer_rotation_matched_duration
random,0.44329786109080255,0.29450999397674654,0.4086650704382279,0.5926811760982243,60.38,0.3962,0.4020855287974717,no evidence,-0.32059750335342757,1.531618287087789,202,0.00047,5000,True,42,random_timing_matched_duration
