agent,actual_cumulative_return,median_simulated_return,mean_simulated_return,std_simulated_return,actual_percentile,RCSI,RCSI_z,simulation_count,bh_adjusted_p_value,research_grade
trend_pullback,0.6503746707974378,0.3265212575438835,0.4466293110026307,0.6541896174052141,68.68626274745051,0.20374535979480712,0.31144694806216167,5000,0.9998000399920016,True
breakout_volume_momentum,0.3842039408395046,0.2540035814977919,0.3621772658560128,0.5792821460758392,58.44831033793242,0.022026674983491812,0.03802408745497241,5000,0.9998000399920016,True
mean_reversion_vol_filter,-0.0830588393653028,0.0075809697699912,0.0054410930388824,0.0498855591637016,4.559088182363527,-0.0884999324041852,-1.7740591443260942,5000,0.9998000399920016,True
trend_momentum_verification,-0.0384741776414928,0.0505616587956844,0.0785192885362632,0.2827501429093952,37.59248150369926,-0.116993466177756,-0.4137697861933372,5000,0.9998000399920016,True
random,0.2504501880881977,1.1044270279493604,1.4940334190854556,1.589379923733528,18.69626074785043,-1.2435832309972579,-0.7824329554107003,5000,0.9998000399920016,True
momentum_relative_strength,0.0147707159420167,10.388298971271013,15.496133808415497,17.129637370863055,0.03999200159968,-15.48136309247348,-0.9037764639902282,5000,0.9998000399920016,True
