agent,actual_cumulative_return,median_simulated_return,mean_simulated_return,std_simulated_return,actual_percentile,RCSI,RCSI_z,simulation_count,bh_adjusted_p_value,research_grade
trend_pullback,0.71701777303175,0.3277750990445579,0.438099495028025,0.6408285210831748,72.48550289942011,0.278918278003725,0.4352463550346934,5000,0.7854429114177165,True
trend_momentum_verification,1.1288883790785689,0.7153661694956921,1.0249030043106573,1.280884997402473,64.72705458908217,0.10398537476791159,0.08118244415289833,5000,0.7854429114177165,True
breakout_volume_momentum,0.3819229886838812,0.2437567342703303,0.3470943169883616,0.5651907156366378,60.74785042991402,0.03482867169551962,0.06162286593170267,5000,0.7854429114177165,True
mean_reversion_vol_filter,-0.0830588458405025,0.0075804231894071,0.0054410849341899,0.0498855493471761,4.559088182363527,-0.0884999307746924,-1.7740594607625015,5000,0.9998000399920016,True
random,0.2504521821165135,1.104421937654617,1.4940257613523924,1.5893714191901585,18.69626074785043,-1.2435735792358789,-0.7824310694283932,5000,0.9998000399920016,True
momentum_relative_strength,0.0147701800327726,10.38830218962809,15.49613669176252,17.129645604959926,0.03999200159968,-15.481366511729746,-0.9037762291618621,5000,0.9998000399920016,True
