total_trades,average_return,median_return,win_rate,std_return,trade_level_return_ratio,average_win,average_loss,expected_value,average_holding_period_days,average_holding_period_hours,average_holding_bars,trades_per_month,stop_loss_exit_rate,take_profit_exit_rate
112,0.006160882791959356,-0.0025605219797379,0.4732142857142857,0.03426458470718712,0.17980322378362543,0.036264564448700944,0.02088140750985935,0.006160882791959359,22.008928571428573,528.2142857142857,15.267857142857142,0.41271186440677965,0.05357142857142857,0.29464285714285715
