total_trades,average_return,median_return,win_rate,std_return,trade_level_return_ratio,average_win,average_loss,expected_value
91,0.036348189370234485,-0.0019805833216003,0.42857142857142855,0.14466241175949607,0.2512621553044755,0.11005363528586166,0.018930895066485903,0.03634818937023448
