total_trades,average_return,median_return,win_rate,std_return,trade_level_return_ratio,average_win,average_loss,expected_value,average_holding_period_days,stop_loss_exit_rate,take_profit_exit_rate
202,0.002276395996852345,0.00825035466213655,0.6039603960396039,0.030066408943192523,0.0757122675060187,0.021481810641459195,0.027011861336173094,0.0022763959968523477,4.747524752475248,0.36633663366336633,0.48514851485148514
