agent,actual_cumulative_return,median_simulated_return,mean_simulated_return,std_simulated_return,actual_percentile,RCSI,RCSI_z,simulation_count,bh_adjusted_p_value,research_grade
random,0.9212988199593198,0.4165280503372665,0.6100380356126108,0.8745523017459186,73.61319340329835,0.311260784346709,0.35590871320711337,2000,0.5974512743628186,False
trend_pullback,0.5770096844683336,0.3013404264073571,0.4217217725167228,0.6590493007255486,67.31634182908546,0.15528791195161074,0.23562412065478863,2000,0.5974512743628186,False
trend_momentum_verification,1.1288814461932484,0.7232110693896355,1.0524892913717407,1.3176149210549504,64.41779110444777,0.07639215482150763,0.05797760301647475,2000,0.5974512743628186,False
breakout_volume_momentum,0.3890721350157844,0.2515292188195792,0.3680332545327838,0.5688574866612415,60.21989005497252,0.02103888048300062,0.036984448612046514,2000,0.5974512743628186,False
mean_reversion_vol_filter,-0.0830592641091947,0.0084041866174949,0.0057828915238214,0.0502049337763483,5.147426286856572,-0.0888421556330161,-1.769590136873558,2000,1.0,False
momentum_relative_strength,0.0147702662218505,10.537974893233372,15.359740680723958,16.04717875857289,0.0499750124937531,-15.344970414502107,-0.9562410094238127,2000,1.0,False
