agent,actual_cumulative_return,median_simulated_return,mean_simulated_return,std_simulated_return,actual_percentile,RCSI,RCSI_z,simulation_count,bh_adjusted_p_value,research_grade
random,0.1687473744263383,-0.0002303109337814,0.0011916697182868,0.0357218039083905,99.98000399920016,0.1675557047080515,4.690572322096401,5000,0.001999600079984,True
breakout_volume_momentum,0.0952261389158863,0.0386800865194367,0.0352712638402401,0.0242081876980301,99.84003199360129,0.0599548750756462,2.476636244873668,5000,0.002999400119976,True
trend_pullback,-0.0668630055133393,-0.0964677120040778,-0.0978594334590809,0.0102060088686317,99.88002399520096,0.03099642794574159,3.0370763287311564,5000,0.002999400119976,True
mean_reversion_vol_filter,-0.0383094068939917,-0.0453347047145052,-0.0452379992199077,0.0250812166567134,61.76764647070586,0.006928592325916,0.2762462611263098,5000,0.4781543691261747,True
momentum_relative_strength,-0.0971566770563139,-0.0707176469095808,-0.0704258645219981,0.0200263848413723,7.838432313537293,-0.026730812534315793,-1.3347797291447674,5000,0.9218156368726256,True
