agent,actual_cumulative_return,median_simulated_return,mean_simulated_return,std_simulated_return,actual_percentile,p_value,p_value_prominence,p_value_interpretation,lower_5pct,upper_95pct,number_of_trades,transaction_cost,execution_cost_model,simulation_count,research_grade,reproducible,seed_used,null_model,bh_adjusted_p_value
trend_pullback,0.6420856047057543,0.28185139419619293,0.41111035407756524,0.6386859299889796,70.4647676161919,0.2958520739630185,0.5289253819132916,no evidence,-0.37548931942238767,1.6240850697068945,109,0.00047,stochastic_spread_slippage_plus_expected_commission,2000,False,True,42,structure_preserving_random_timing,0.7756121939030485
breakout_volume_momentum,0.39382470399421565,0.2505207217017381,0.35973317868307836,0.5906044047684107,61.269365317341325,0.38780609695152424,0.41138536737802295,no evidence,-0.36427335855454424,1.5652248666044257,99,0.00047,stochastic_spread_slippage_plus_expected_commission,2000,False,True,42,structure_preserving_random_timing,0.7756121939030485
mean_reversion_vol_filter,-0.0830593956637483,0.00840402193386756,0.005782868161983218,0.050204963419757144,5.147426286856572,0.9490254872563718,0.022722123899193866,no evidence,-0.08459458518209682,0.08367653304886824,4,0.00047,stochastic_spread_slippage_plus_expected_commission,2000,False,True,42,structure_preserving_random_timing,1.0
momentum_relative_strength,0.014770122688458877,10.538114266537566,15.359752546942138,16.04719114524425,0.04997501249375312,1.0,-0.0,no evidence,2.0483907916165625,45.063104172159925,1048,0.00047,stochastic_spread_slippage_plus_expected_commission,2000,False,True,42,structure_preserving_random_timing_shared_calendar,1.0
trend_momentum_verification,1.1288830055145873,0.7231961958738684,1.0524952012673963,1.3176012765468608,64.41779110444777,0.3563218390804598,0.4481575587843458,no evidence,-0.33604770902099235,3.529743544674939,277,0.00047,stochastic_spread_slippage_plus_expected_commission,2000,False,True,42,structure_preserving_random_timing,0.7756121939030485
random,-0.18107355731630204,1.1051783065042895,1.4621722586620272,1.5405632838432306,5.697151424287856,0.9435282358820589,0.025245098674161262,no evidence,-0.20905458213001282,4.3717756503717276,250,0.00047,stochastic_spread_slippage_plus_expected_commission,2000,False,True,42,structure_preserving_random_timing,1.0
