total_trades,average_return,median_return,win_rate,std_return,trade_level_return_ratio,average_win,average_loss,expected_value,average_holding_period_days,average_holding_period_hours,average_holding_bars,trades_per_month,stop_loss_exit_rate,take_profit_exit_rate
21,-0.0065166561386018436,-0.0079975758075127,0.3333333333333333,0.03168102754667875,-0.20569585784426397,0.0286850843548947,0.024117526385350113,-0.006516656138601846,13.952380952380953,334.85714285714283,9.523809523809524,0.07340233118971061,0.0,0.09523809523809523
