agent,actual_cumulative_return,median_simulated_return,mean_simulated_return,std_simulated_return,actual_percentile,p_value,p_value_prominence,p_value_interpretation,lower_5pct,upper_95pct,number_of_trades,transaction_cost,execution_cost_model,simulation_count,research_grade,reproducible,seed_used,null_model,bh_adjusted_p_value
trend_pullback,0.71701777303175,0.3107179262180633,0.418458472823553,0.6394798754180483,74.3128435782109,0.25737131434282856,0.5894398595950204,no evidence,-0.3851120210277041,1.6414669107067885,108,0.00047,stochastic_spread_slippage_plus_expected_commission,2000,False,True,42,structure_preserving_random_timing,0.7936031984007995
breakout_volume_momentum,0.3819229886838812,0.2431632477130456,0.34874745764105836,0.5653046707534116,60.36981509245377,0.3968015992003998,0.40142658620911514,no evidence,-0.356776295884989,1.4671223633384274,99,0.00047,stochastic_spread_slippage_plus_expected_commission,2000,False,True,42,structure_preserving_random_timing,0.7936031984007995
mean_reversion_vol_filter,-0.08305884584050258,0.008142587901704263,0.00568080774641867,0.04987017394354655,4.897551224387806,0.9515242378810594,0.021580144587755878,no evidence,-0.08160956267122953,0.0814750219317764,4,0.00047,stochastic_spread_slippage_plus_expected_commission,2000,False,True,42,structure_preserving_random_timing,1.0
momentum_relative_strength,0.014770180032772693,10.537979364823892,15.359750032890624,16.04719462603804,0.04997501249375312,1.0,-0.0,no evidence,2.0483416620518113,45.062766146239156,1048,0.00047,stochastic_spread_slippage_plus_expected_commission,2000,False,True,42,structure_preserving_random_timing_shared_calendar,1.0
trend_momentum_verification,1.1288883790785689,0.7232021939994162,1.0617402387419872,1.3150681308572783,64.16791604197901,0.3588205897051474,0.4451226443939111,no evidence,-0.33327321515372865,3.5293979564626308,277,0.00047,stochastic_spread_slippage_plus_expected_commission,2000,False,True,42,structure_preserving_random_timing,0.7936031984007995
random,0.2504521821165135,1.1114444990668024,1.5245293085831135,1.603409123099181,18.69065467266367,0.8135932033983009,0.08959268808302896,no evidence,-0.17890697899937066,4.578783744531231,226,0.00047,stochastic_spread_slippage_plus_expected_commission,2000,False,True,42,structure_preserving_random_timing,1.0
