total_trades,average_return,median_return,win_rate,std_return,trade_level_return_ratio,average_win,average_loss,expected_value,average_holding_period_days,average_holding_period_hours,average_holding_bars,trades_per_month,stop_loss_exit_rate,take_profit_exit_rate
226,0.0023085149563466193,0.0082946410662211,0.5752212389380531,0.05070832933164102,0.04552536016812036,0.03386851644055692,0.04042898705352149,0.002308514956346621,17.98230088495575,431.57522123893807,12.349557522123893,0.7328086715670608,0.0,0.0
