agent,actual_cumulative_return,median_simulated_return,mean_simulated_return,std_simulated_return,actual_percentile,p_value,p_value_prominence,p_value_interpretation,lower_5pct,upper_95pct,number_of_trades,transaction_cost,simulation_count,reproducible,seed_used,null_model
trend,4.439718391035628,2.3605327957295703,2.9968458059252727,2.4727055045977213,79.2,0.208,0.6819366650372385,no evidence,0.33226937015067415,7.785122617481138,203,0.00047,5000,True,42,random_timing_matched_duration
mean_reversion,0.9940014098167508,0.5009594665004166,0.6987656808397603,0.8690512482969014,70.78,0.2922,0.534319788401722,no evidence,-0.32444858312821634,2.3488266368710677,111,0.00047,5000,True,42,random_timing_matched_duration
random,0.9868921791884461,1.3512354285314125,1.7832892059821526,1.7841553921373212,37.980000000000004,0.6202,0.20746823809869244,no evidence,-0.07628368757518607,4.950425392759525,146,0.00047,5000,True,42,random_timing_matched_duration
momentum,12.03206890970024,3.909315655944076,4.864926267719026,3.706834609100398,95.26,0.0474,1.324221658325915,strong evidence,0.9968233712533491,11.763835027691718,91,0.00047,5000,True,42,random_timing_matched_duration
breakout,1.9070579837226713,2.7024785056976652,3.3748171753381575,2.718348110959322,32.9,0.671,0.17327747983100789,no evidence,0.434418519362527,8.448286228838578,78,0.00047,5000,True,42,random_timing_matched_duration
