total_trades,average_return,median_return,win_rate,std_return,trade_level_return_ratio,average_win,average_loss,expected_value
110,0.006987261892784485,0.0165375938725554,0.7363636363636363,0.05704528232155418,0.12248623564344066,0.030018872067236163,0.057342407904821924,0.006987261892784483
