agent,actual_cumulative_return,median_simulated_return,mean_simulated_return,std_simulated_return,actual_percentile,RCSI,RCSI_z,simulation_count,bh_adjusted_p_value,research_grade
trend_momentum_verification,1.6517074966900618,0.4249774118130555,0.6565208537046814,0.9980781877706978,87.50624687656172,0.9951866429853804,0.9971028875084668,2000,0.7526236881559221,False
trend_pullback,0.5769300313737311,0.299140322935324,0.4184058937261988,0.6561316553289913,67.81609195402298,0.15852413764753231,0.24160416032365736,2000,0.8305847076461769,False
breakout_volume_momentum,0.3631725188157723,0.2477749335571105,0.3634844720501672,0.5864813250246426,58.520739630184906,-0.00031195323439492384,-0.0005319065093535865,2000,0.8305847076461769,False
mean_reversion_vol_filter,-0.0830587851418011,0.0081435741563373,0.0056807789275288,0.049870138680752,4.897551224387806,-0.0887395640693299,-1.7794128193106478,2000,1.0,False
random,0.2499361349482435,1.1112085057164998,1.524331751358802,1.603013575012021,18.640679660169916,-1.2743956164105585,-0.7949998903789707,2000,1.0,False
momentum_relative_strength,0.0149467705756686,10.538476073448676,15.35691026731917,16.03804713253419,0.0499750124937531,-15.341963496743501,-0.9565979804125505,2000,1.0,False
