agent,actual_cumulative_return,median_simulated_return,mean_simulated_return,std_simulated_return,actual_percentile,RCSI,RCSI_z,simulation_count,bh_adjusted_p_value,research_grade
trend_pullback,0.71701777303175,0.3107179262180633,0.418458472823553,0.6394798754180483,74.3128435782109,0.298559300208197,0.4668783361056035,2000,0.7936031984007995,False
trend_momentum_verification,1.1288883790785689,0.7232021939994162,1.0617402387419872,1.3150681308572785,64.16791604197901,0.06714814033658167,0.05106057911448933,2000,0.7936031984007995,False
breakout_volume_momentum,0.3819229886838812,0.2431632477130456,0.3487474576410583,0.5653046707534116,60.36981509245377,0.03317553104282289,0.05868610814520265,2000,0.7936031984007995,False
mean_reversion_vol_filter,-0.0830588458405025,0.0081425879017042,0.0056808077464186,0.0498701739435465,4.897551224387806,-0.0887396535869211,-1.7794133561149237,2000,1.0,False
random,0.2504521821165135,1.1114444990668024,1.5245293085831135,1.603409123099181,18.69065467266367,-1.2740771264666,-0.7946051373363617,2000,1.0,False
momentum_relative_strength,0.0147701800327726,10.537979364823892,15.359750032890624,16.04719462603804,0.0499750124937531,-15.34497985285785,-0.9562406520551088,2000,1.0,False
