total_trades,average_return,median_return,win_rate,std_return,trade_level_return_ratio,average_win,average_loss,expected_value
203,0.009946363897828542,-0.0088040803238787,0.3054187192118227,0.05881764154386763,0.16910511262867114,0.07134441267511307,0.017051359677998687,0.009946363897828553
