total_trades,average_return,median_return,win_rate,std_return,trade_level_return_ratio,average_win,average_loss,expected_value,average_holding_period_days,average_holding_period_hours,average_holding_bars,trades_per_month,stop_loss_exit_rate,take_profit_exit_rate
98,0.006845536293404786,0.00105958341783765,0.5102040816326531,0.029065776748430864,0.23551878047691766,0.029095617030392942,0.016331631140957873,0.006845536293404789,30.775510204081634,738.6122448979592,21.214285714285715,0.2624846004927842,0.061224489795918366,0.22448979591836735
