agent,actual_cumulative_return,median_simulated_return,mean_simulated_return,std_simulated_return,actual_percentile,RCSI,RCSI_z,simulation_count,bh_adjusted_p_value,research_grade
uptrend_oversold_reversion,0.2020832112462342,0.0941846925279777,0.1043425736561301,0.1984706134156911,70.96451774112944,0.09774063759010411,0.4924690658631114,2000,0.9012368815592204,False
breakout_volume_momentum,0.4170907992455503,0.4034836350386291,0.4558068072567343,0.4535624622672491,51.42428785607195,-0.03871600801118397,-0.08535981531110842,2000,0.9012368815592204,False
mean_reversion_vol_filter,-0.0250216686402892,0.0253207434317855,0.0286272546762275,0.1008088129967849,29.83508245877061,-0.0536489233165167,-0.532184852907927,2000,0.9012368815592204,False
volatility_squeeze_breakout,0.1135584361674083,0.1607838456252802,0.1784676143822159,0.2338645592256707,41.779110444777615,-0.0649091782148076,-0.2775502984707171,2000,0.9012368815592204,False
trend_pullback,0.6149762671097165,0.6953083092891919,0.7875908282540968,0.6283389127704716,44.97751124437781,-0.17261456114438023,-0.2747156950431228,2000,0.9012368815592204,False
trend_momentum_verification,0.9199472990998072,1.2867682590123624,1.4547338625414157,1.0522490740466584,35.68215892053973,-0.5347865634416085,-0.5082319164083153,2000,0.9012368815592204,False
random,2.789744974978819,2.9093304560781963,3.3797547233155982,2.1455656970110217,47.47626186906547,-0.5900097483367794,-0.27499029703854766,2000,0.9012368815592204,False
adx_trend_following,0.5417624757987907,1.1734925077078886,1.3560295591766651,0.9712865681297552,19.940029985007495,-0.8142670833778745,-0.8383386634757782,2000,0.9012368815592204,False
momentum_relative_strength,0.0886145998770315,10.19039751325576,15.610984637706729,18.79344154618474,0.0999500249875062,-15.522370037829697,-0.8259461152808861,2000,0.9995002498750624,False
