agent,actual_cumulative_return,median_simulated_return,mean_simulated_return,std_simulated_return,actual_percentile,RCSI,RCSI_z,simulation_count,bh_adjusted_p_value,research_grade
uptrend_oversold_reversion,0.2020833221536917,0.0941864253199935,0.1043425866002246,0.1984705106336457,70.96451774112944,0.09774073555346711,0.49246981448989946,2000,0.9012368815592204,False
breakout_volume_momentum,0.417089097669902,0.4034784297530044,0.4558077105619907,0.4535638855885733,51.42428785607195,-0.03871861289208872,-0.08536529058490844,2000,0.9012368815592204,False
mean_reversion_vol_filter,-0.0250215759416829,0.0253218234993711,0.028627242412105,0.1008088507587613,29.83508245877061,-0.0536488183537879,-0.5321836123513717,2000,0.9012368815592204,False
volatility_squeeze_breakout,0.1135563552603962,0.1607804466817005,0.1784679806559655,0.2338650795569802,41.779110444777615,-0.0649116253955693,-0.2775601450140993,2000,0.9012368815592204,False
trend_pullback,0.6149809155449817,0.6953105703476841,0.7875882462651959,0.6283366626952211,44.97751124437781,-0.17260733072021417,-0.2747051715553617,2000,0.9012368815592204,False
trend_momentum_verification,0.8795223353465139,1.233131852550494,1.424733281903019,0.994104619653491,32.98350824587706,-0.545210946556505,-0.5484442339142795,2000,0.9012368815592204,False
random,2.7897480718412573,2.909401894595004,3.3797262666907035,2.1455518029385527,47.47626186906547,-0.5899781948494462,-0.2749773713416804,2000,0.9012368815592204,False
adx_trend_following,0.5607879352735666,1.187827225898201,1.3554461351117135,0.955971613014514,19.940029985007495,-0.7946581998381469,-0.8312571095414755,2000,0.9012368815592204,False
momentum_relative_strength,0.0886145998770315,10.19039751325576,15.610984637706729,18.79344154618474,0.0999500249875062,-15.522370037829697,-0.8259461152808861,2000,0.9995002498750624,False
