agent,actual_cumulative_return,median_simulated_return,mean_simulated_return,std_simulated_return,actual_percentile,p_value,p_value_prominence,p_value_interpretation,lower_5pct,upper_95pct,number_of_trades,transaction_cost,execution_cost_model,simulation_count,research_grade,reproducible,seed_used,null_model,bh_adjusted_p_value
trend_pullback,0.6138501784935743,0.7100732526365152,0.7955358941053191,0.614052922599764,43.77811094452774,0.5627186406796602,0.249708698120884,no evidence,-0.04367548325062462,1.9361451142146235,132,0.00047,stochastic_spread_slippage_plus_expected_commission,2000,False,True,42,structure_preserving_random_timing,0.9995002498750626
breakout_volume_momentum,0.4443247919919339,0.4122798674430811,0.4833240862689142,0.45836060502965675,52.37381309345327,0.4767616191904048,0.3216987139321163,no evidence,-0.14170362718158866,1.3128069321321598,117,0.00047,stochastic_spread_slippage_plus_expected_commission,2000,False,True,42,structure_preserving_random_timing,0.9995002498750626
mean_reversion_vol_filter,-0.02502976615967541,0.028598549932282835,0.02966692055227564,0.09981165913797828,29.08545727136432,0.7096451774112944,0.1489587442531549,no evidence,-0.13320674705505198,0.19433412124116328,16,0.00047,stochastic_spread_slippage_plus_expected_commission,2000,False,True,42,structure_preserving_random_timing,0.9995002498750626
momentum_relative_strength,0.08824216860738388,10.187037599416794,15.610655806314416,18.800411817187637,0.09995002498750624,0.9995002498750625,0.00021709297223020593,no evidence,2.1075325192811487,44.08141201112723,1097,0.00047,stochastic_spread_slippage_plus_expected_commission,2000,False,True,42,structure_preserving_random_timing_shared_calendar,0.9995002498750626
trend_momentum_verification,2.3626153101160488,2.6604312716477865,2.9638526896836557,1.9249886775851175,42.978510744627684,0.5707146426786607,0.24358098472638215,no evidence,0.6058180996802093,6.598891308404,377,0.00047,stochastic_spread_slippage_plus_expected_commission,2000,False,True,42,structure_preserving_random_timing,0.9995002498750626
random,1.4366019885274357,2.845121756365584,3.280702846570656,2.0863016247468216,16.34182908545727,0.8370814592703648,0.07723227726334736,no evidence,0.8238002812632621,7.245373959532984,305,0.00047,stochastic_spread_slippage_plus_expected_commission,2000,False,True,42,structure_preserving_random_timing,0.9995002498750626
