total_trades,average_return,median_return,win_rate,std_return,trade_level_return_ratio,average_win,average_loss,expected_value,average_holding_period_days,average_holding_period_hours,average_holding_bars,trades_per_month,stop_loss_exit_rate,take_profit_exit_rate
134,0.0041081983706519765,0.0122785246771594,0.6417910447761194,0.03215412814017077,0.12776581447778476,0.023966717929671866,0.031471649172591994,0.004108198370651975,15.067164179104477,361.6119402985075,10.335820895522389,0.35925526292609883,0.29850746268656714,0.6567164179104478
