agent,actual_cumulative_return,median_simulated_return,mean_simulated_return,std_simulated_return,actual_percentile,RCSI,RCSI_z,simulation_count,bh_adjusted_p_value,research_grade
random,1.5613641244836087,1.1223483747723937,1.2775520582976023,0.922181129745926,69.46526736631684,0.2838120661860064,0.3077617368555358,2000,0.8515742128935532,False
breakout_volume_momentum,0.4443250907941495,0.4122818602757275,0.4833235871138969,0.4583598460130242,52.37381309345327,-0.03899849631974739,-0.0850827066527971,2000,0.8515742128935532,False
mean_reversion_vol_filter,-0.0250283527349283,0.0285975449726859,0.0296668621459709,0.0998115307987539,29.08545727136432,-0.0546952148808992,-0.5479849316325889,2000,0.8515742128935532,False
trend_pullback,0.6150285956087301,0.6951356226745246,0.7934490882295607,0.6342771109434783,44.72763618190905,-0.1784204926208306,-0.281297384916559,2000,0.8515742128935532,False
trend_momentum_verification,2.362608537540848,2.6604759584159385,2.963879992661072,1.925007154610028,42.97851074462768,-0.6012714551202238,-0.3123476469582424,2000,0.8515742128935532,False
momentum_relative_strength,0.0882398337457284,10.187354084847046,15.610655247813614,18.800269219243823,0.0999500249875062,-15.522415414067886,-0.8256485709353167,2000,0.9995002498750626,False
