total_trades,average_return,median_return,win_rate,std_return,trade_level_return_ratio,average_win,average_loss,expected_value
118,0.026042217554052366,-0.00440844876994235,0.3559322033898305,0.12000064871394112,0.21701730643250183,0.10393056681005461,0.017001343876896228,0.026042217554052373
