total_trades,average_return,median_return,win_rate,std_return,trade_level_return_ratio,average_win,average_loss,expected_value,average_holding_period_days,stop_loss_exit_rate,take_profit_exit_rate
258,-0.00028219611781641035,0.0012546865962924,0.5116279069767442,0.020982030122406535,-0.0134494191539195,0.016336738195386925,0.017692508255457998,-0.00028219611781640785,4.6434108527131785,0.4186046511627907,0.41472868217054265
