agent,actual_cumulative_return,median_simulated_return,mean_simulated_return,std_simulated_return,actual_percentile,RCSI,RCSI_z
mean_reversion,3.1259160271751902,0.7248430337303713,0.8466123302695858,0.6892981182287481,99.4,2.401072993444819,3.3067023347787563
momentum,9.99886281684573,9.975400718669157,11.114778118028353,5.1406017357184615,50.22,0.023462098176572965,-0.21707873096429642
random,0.3204526743866011,2.8239310297942826,3.2669216187000463,2.096644341161409,0.8999999999999999,-2.5034783554076814,-1.405326066261332
breakout,3.685064175213001,6.224229993909085,7.012066334775562,3.757693661827236,16.02,-2.539165818696084,-0.8853840836894499
trend,3.2825104987676648,7.191003084819821,8.017792417236056,4.10832334386772,6.68,-3.908492586052156,-1.152606920664241
