agent,actual_cumulative_return,median_simulated_return,mean_simulated_return,std_simulated_return,actual_percentile,RCSI,RCSI_z,simulation_count,bh_adjusted_p_value,research_grade
breakout_volume_momentum,0.44432108152625,0.4122752843540697,0.4833254030396499,0.4583625057566303,52.37381309345327,-0.03900432151339989,-0.08509492164725492,2000,0.9995002498750626,False
mean_reversion_vol_filter,-0.0250300318943439,0.0285986490276294,0.0296669966411208,0.0998117145900276,29.08545727136432,-0.054697028535464695,-0.5480020933427546,2000,0.9995002498750626,False
trend_pullback,0.6150281256113398,0.6951342500375522,0.7934499999610296,0.6342782863086499,44.72763618190905,-0.1784218743496898,-0.2812990420783014,2000,0.9995002498750626,False
trend_momentum_verification,2.362604174457719,2.660437575432798,2.9638658552199955,1.9249980363813224,42.97851074462768,-0.6012616807622764,-0.3123440488763037,2000,0.9995002498750626,False
random,1.4366079557756817,2.8452386910900422,3.2806665598939473,2.0863018006161185,16.34182908545727,-1.8440586041182656,-0.8838887085146001,2000,0.9995002498750626,False
momentum_relative_strength,0.0882421686073838,10.187037599416794,15.610655806314416,18.800411817187637,0.0999500249875062,-15.522413637707032,-0.8256422140453431,2000,0.9995002498750626,False
