agent,actual_cumulative_return,median_simulated_return,mean_simulated_return,std_simulated_return,actual_percentile,p_value,p_value_prominence,p_value_interpretation,lower_5pct,upper_95pct,number_of_trades,transaction_cost,execution_cost_model,simulation_count,research_grade,reproducible,seed_used,null_model,bh_adjusted_p_value
trend_pullback,0.6235853403113262,0.686510156835554,0.7842138767170853,0.6207314110199009,45.27736131934033,0.5477261369315343,0.261436534487861,no evidence,-0.05365670759771798,1.9439183575514818,134,0.00047,stochastic_spread_slippage_plus_expected_commission,2000,False,True,42,structure_preserving_random_timing,0.8425787106446776
breakout_volume_momentum,0.4443662460043296,0.4266336376219029,0.4897291716622592,0.45735615291014126,51.97401299350325,0.48075962018990503,0.31807201659839845,no evidence,-0.1404370864126093,1.3454762586141031,117,0.00047,stochastic_spread_slippage_plus_expected_commission,2000,False,True,42,structure_preserving_random_timing,0.8425787106446776
mean_reversion_vol_filter,-0.025020972575761725,0.025321132085299423,0.028627300227632213,0.10080878925330732,29.83508245877061,0.7021489255372314,0.1535707643951127,no evidence,-0.1346911759289948,0.19699071133410395,16,0.00047,stochastic_spread_slippage_plus_expected_commission,2000,False,True,42,structure_preserving_random_timing,0.8425787106446776
momentum_relative_strength,0.0886145998770315,10.19039751325576,15.610984637706727,18.79344154618474,0.09995002498750624,0.9995002498750625,0.00021709297223020593,no evidence,2.109229632535853,44.085638109560506,1097,0.00047,stochastic_spread_slippage_plus_expected_commission,2000,False,True,42,structure_preserving_random_timing_shared_calendar,0.9995002498750626
trend_momentum_verification,0.8795214423915494,1.233136674009534,1.4247359026406927,0.9941078815335568,32.98350824587706,0.670664667666167,0.1734945728032381,no evidence,0.15743480629235976,3.2721998093361764,98,0.00047,stochastic_spread_slippage_plus_expected_commission,2000,False,True,42,structure_preserving_random_timing,0.8425787106446776
random,2.789742839027983,2.951708184703388,3.4026100356435247,2.1898470465872184,46.52673663168416,0.5352323838080959,0.2714576178043558,no evidence,0.8313684823298203,7.499710420004887,312,0.00047,stochastic_spread_slippage_plus_expected_commission,2000,False,True,42,structure_preserving_random_timing,0.8425787106446776
