total_trades,average_return,median_return,win_rate,std_return,trade_level_return_ratio,average_win,average_loss,expected_value,average_holding_period_days,average_holding_period_hours,average_holding_bars,trades_per_month,stop_loss_exit_rate,take_profit_exit_rate
134,0.004108214145213983,0.0122783654504195,0.6417910447761194,0.03215388062527826,0.12776728859235262,0.023966604299544877,0.0314714015479622,0.004108214145213982,15.067164179104477,361.6119402985075,10.335820895522389,0.35925526292609883,0.29850746268656714,0.6567164179104478
