agent,actual_cumulative_return,median_simulated_return,mean_simulated_return,std_simulated_return,actual_percentile,RCSI,RCSI_z,simulation_count,bh_adjusted_p_value,research_grade
uptrend_oversold_reversion,0.2020861912194202,0.0941873733501717,0.1043425038129553,0.1984700320190283,70.96451774112944,0.0977436874064649,0.4924858751324922,2000,0.9027629042621548,False
breakout_volume_momentum,0.4443701550485058,0.4266323733933543,0.4897271198537602,0.4573532179758154,51.97401299350325,-0.04535696480525442,-0.09917272476183357,2000,0.9027629042621548,False
mean_reversion_vol_filter,-0.0250220322255746,0.0253213360848369,0.0286272822988189,0.1008088577388133,29.83508245877061,-0.053649314524393504,-0.5321884973976598,2000,0.9027629042621548,False
volatility_squeeze_breakout,0.1077928106820029,0.1621470660107425,0.1793103980805445,0.2339459871549381,40.17991004497751,-0.0715175873985416,-0.3057012786082833,2000,0.9027629042621548,False
trend_pullback,0.6149765563731665,0.6953071216406095,0.78759068964436,0.6283386572775308,44.97751124437781,-0.17261413327119346,-0.27471512578757595,2000,0.9027629042621548,False
trend_momentum_verification,0.8697979806187295,1.2266217946883011,1.4171485450840733,0.9734505343473498,32.583708145927034,-0.5473505644653438,-0.5622787652300331,2000,0.9027629042621548,False
random,2.789734002198259,2.909320473282891,3.3797116982346123,2.14557280533589,47.47626186906547,-0.5899776960363532,-0.27497444718217895,2000,0.9027629042621548,False
adx_trend_following,0.5082929316800757,1.169610883698063,1.3235791279263651,0.9407216514003928,19.1904047976012,-0.8152861962462894,-0.8666603931488389,2000,0.9096701649175412,False
momentum_relative_strength,0.0886145998770315,10.19039751325576,15.610984637706729,18.79344154618474,0.0999500249875062,-15.522370037829697,-0.8259461152808861,2000,0.9995002498750624,False
