total_trades,average_return,median_return,win_rate,std_return,trade_level_return_ratio,average_win,average_loss,expected_value,average_holding_period_days,average_holding_period_hours,average_holding_bars,trades_per_month,stop_loss_exit_rate,take_profit_exit_rate
98,0.006874533260299606,0.0004392671505404082,0.5,0.029073219969807915,0.23645586101019087,0.02976987715629854,0.016020810635699333,0.006874533260299603,30.775510204081634,738.6122448979592,21.214285714285715,0.2624846004927842,0.061224489795918366,0.22448979591836735
