total_trades,average_return,median_return,win_rate,std_return,trade_level_return_ratio,average_win,average_loss,expected_value
142,0.010816836795449807,0.0149647415074652,0.7676056338028169,0.038633499936360734,0.2799859400071934,0.025007746273133832,0.03605616723690046,0.010816836795449807
