agent,actual_cumulative_return,median_simulated_return,mean_simulated_return,std_simulated_return,actual_percentile,RCSI,RCSI_z,simulation_count,bh_adjusted_p_value,research_grade
mean_reversion_vol_filter,-0.0250221418783099,0.0240423860819775,0.0265714894352167,0.0986996643044022,29.69406118776245,-0.0515936313135266,-0.5227336047912517,5000,0.8439112177564487,True
breakout_volume_momentum,0.4443339825678595,0.4341232741108826,0.4984174225501447,0.4761774699848821,50.68986202759448,-0.05408343998228521,-0.1135783261312264,5000,0.8439112177564487,True
trend_pullback,0.6149757347490095,0.7018152275945388,0.7990241389880268,0.6291090952835858,44.21115776844631,-0.18404840423901736,-0.29255403493420035,5000,0.8439112177564487,True
trend_momentum_verification,0.914740804394456,1.3005465232481823,1.4826566324500945,1.0427460310295793,32.97340531893621,-0.5679158280556384,-0.5446348498635796,5000,0.8439112177564487,True
random,2.789741468724815,2.989830588262941,3.453184941871707,2.2470394325484127,45.85082983403319,-0.6634434731468919,-0.29525226105821706,5000,0.8439112177564487,True
momentum_relative_strength,0.0885828307220312,10.354616557914806,15.461909767988834,17.5624823388362,0.0999800039992001,-15.373326937266803,-0.8753504567672371,5000,0.9992001599680064,True
