total_trades,average_return,median_return,win_rate,std_return,trade_level_return_ratio,average_win,average_loss,expected_value,average_holding_period_days,average_holding_period_hours,average_holding_bars,trades_per_month,stop_loss_exit_rate,take_profit_exit_rate
103,0.0039148416868462115,0.0054692028564195,0.6699029126213593,0.014172675032710599,0.27622461375927543,0.011532083774507717,0.011543679020466845,0.003914841686846212,3.679611650485437,88.31067961165049,2.6019417475728157,0.2806178392409595,0.21359223300970873,0.0
