agent,actual_cumulative_return,median_simulated_return,mean_simulated_return,std_simulated_return,actual_percentile,p_value,p_value_prominence,p_value_interpretation,lower_5pct,upper_95pct,number_of_trades,transaction_cost,execution_cost_model,simulation_count,research_grade,reproducible,seed_used,null_model,bh_adjusted_p_value
trend_pullback,0.6055666775813573,0.7052337768803101,0.7930239941464688,0.6105653000230973,42.92853573213393,0.5712143928035982,0.24320085824092966,no evidence,-0.0423759295624093,1.8889086229580543,132,0.00047,stochastic_spread_slippage_plus_expected_commission,2000,False,True,42,structure_preserving_random_timing,0.8425787106446776
breakout_volume_momentum,0.4171815914320856,0.40344203473544904,0.45593477537476085,0.45361365459796815,51.37431284357821,0.4867566216891554,0.3126881317575959,no evidence,-0.17239476336188203,1.2906430853308644,116,0.00047,stochastic_spread_slippage_plus_expected_commission,2000,False,True,42,structure_preserving_random_timing,0.8425787106446776
mean_reversion_vol_filter,-0.02503105357951304,0.025332061802983048,0.028630468032596404,0.10081667281962237,29.83508245877061,0.7021489255372314,0.1535707643951127,no evidence,-0.1347433435684577,0.1969996762490766,16,0.00047,stochastic_spread_slippage_plus_expected_commission,2000,False,True,42,structure_preserving_random_timing,0.8425787106446776
momentum_relative_strength,0.08824226109166866,10.187447416932446,15.610914854344967,18.800716470834157,0.09995002498750624,0.9995002498750625,0.00021709297223020593,no evidence,2.107657285807523,44.08671860069429,1097,0.00047,stochastic_spread_slippage_plus_expected_commission,2000,False,True,42,structure_preserving_random_timing_shared_calendar,0.9995002498750626
trend_momentum_verification,2.3626056219054106,2.584137861506357,2.962279465000352,1.8995650639990518,43.62818590704648,0.5642178910544727,0.24855314671124357,no evidence,0.6269156999537693,6.558042907681717,377,0.00047,stochastic_spread_slippage_plus_expected_commission,2000,False,True,42,structure_preserving_random_timing,0.8425787106446776
random,2.789532561812938,2.95314002815783,3.405596024812238,2.1913045050200766,46.476761619190405,0.5357321339330335,0.2710523032794601,no evidence,0.831603523480353,7.50111103440368,312,0.00047,stochastic_spread_slippage_plus_expected_commission,2000,False,True,42,structure_preserving_random_timing,0.8425787106446776
