agent,actual_cumulative_return,median_simulated_return,mean_simulated_return,std_simulated_return,actual_percentile,RCSI,RCSI_z,simulation_count,bh_adjusted_p_value,research_grade
random,0.1824964733542533,-0.0127824113757153,-0.01378254412786,0.0251665396253898,100.0,0.19627901748211332,7.799205627939927,5000,0.000999800039992,True
breakout_volume_momentum,0.0324677321662534,-0.0483210807164055,-0.0483998853734364,0.0174225775844127,99.92001599680064,0.0808676175396898,4.641541537001901,5000,0.00249950009998,True
trend_pullback,-0.0346884574024523,-0.0546497362806032,-0.0548411463765278,0.0145597992696786,92.94141171765646,0.020152688974075503,1.3841323359480877,5000,0.1179764047190562,True
mean_reversion_vol_filter,-0.0698891610014021,-0.0292087800450969,-0.0274198859082997,0.0209174248011639,0.7198560287942412,-0.0424692750931024,-2.030329999835319,5000,1.0,True
momentum_relative_strength,-0.1268763778199136,-0.0330634016879092,-0.0336543399154859,0.0202217527958711,0.01999600079984,-0.0932220379044277,-4.609988008728001,5000,1.0,True
