total_trades,average_return,median_return,win_rate,std_return,trade_level_return_ratio,average_win,average_loss,expected_value,average_holding_period_days,average_holding_period_hours,average_holding_bars,trades_per_month,stop_loss_exit_rate,take_profit_exit_rate
134,0.004148620636213983,0.012282211912417601,0.6417910447761194,0.03217251177248504,0.12894923049688697,0.024032385521214845,0.03147645811607922,0.004148620636213983,15.059701492537313,361.43283582089555,10.328358208955224,0.35925526292609883,0.29850746268656714,0.6567164179104478
