agent,actual_cumulative_return,median_simulated_return,mean_simulated_return,std_simulated_return,actual_percentile,RCSI,RCSI_z,simulation_count,bh_adjusted_p_value,research_grade
breakout_volume_momentum,0.4171815914320856,0.403442034735449,0.4559347753747608,0.4536136545979681,51.37431284357821,-0.038753183942675185,-0.08543213712784203,2000,0.8425787106446776,False
mean_reversion_vol_filter,-0.025031053579513,0.025332061802983,0.0286304680325964,0.1008166728196223,29.83508245877061,-0.0536615216121094,-0.5322683253802547,2000,0.8425787106446776,False
trend_pullback,0.6055666775813573,0.7052337768803101,0.7930239941464688,0.6105653000230973,42.92853573213393,-0.18745731656511155,-0.30702255198259737,2000,0.8425787106446776,False
trend_momentum_verification,2.3626056219054106,2.584137861506357,2.962279465000352,1.899565063999052,43.62818590704648,-0.5996738430949415,-0.3156900779341985,2000,0.8425787106446776,False
random,2.789532561812938,2.95314002815783,3.405596024812238,2.191304505020077,46.476761619190405,-0.6160634629993003,-0.28114005223279354,2000,0.8425787106446776,False
momentum_relative_strength,0.0882422610916686,10.187447416932446,15.610914854344967,18.800716470834157,0.0999500249875062,-15.522672593253299,-0.8256426087449307,2000,0.9995002498750626,False
