total_trades,average_return,median_return,win_rate,std_return,trade_level_return_ratio,average_win,average_loss,expected_value
275,0.0062435370120059175,-0.0055220037306379,0.33454545454545453,0.04528330940934745,0.13787722437788782,0.04645835803031805,0.01397375005730947,0.0062435370120059175
