agent,actual_cumulative_return,median_simulated_return,mean_simulated_return,std_simulated_return,actual_percentile,p_value,p_value_prominence,p_value_interpretation,lower_5pct,upper_95pct,number_of_trades,transaction_cost,simulation_count,reproducible,seed_used,null_model
trend_pullback,0.03821190981733151,0.15297761334840343,0.18466439570893853,0.2885951429783641,32.84,0.6716,0.17288931253398884,no evidence,-0.22552241291579747,0.7076597986694427,156,0.00047,5000,True,42,random_timing_matched_duration
breakout_volume_momentum,-0.07665464425962615,0.22012990400451407,0.24829758597005558,0.2877891708848652,11.34,0.8866,0.05227227303668429,no evidence,-0.16509194527130355,0.772429012930179,53,0.00047,5000,True,42,random_timing_matched_duration
mean_reversion_vol_filter,0.18199408388172664,0.05602154142572638,0.06442168613376213,0.15335406048029676,78.68,0.2132,0.6712127996454653,no evidence,-0.1727136122855613,0.3304347479978848,68,0.00047,5000,True,42,random_timing_matched_duration
volatility_managed_tsmom,1.6950224775250007,1.823132937809018,2.081667770217152,1.3327149053757987,45.5,0.545,0.2636034977233575,no evidence,0.39526116691451807,4.6204097921320875,108,0.00047,5000,True,42,random_timing_matched_duration
momentum_relative_strength,0.23746525132574967,1.252069143444699,1.5520596842140653,1.3416897413126452,11.459999999999999,0.8854,0.05286048235717089,no evidence,-0.002455506470215107,4.111106020696492,222,0.00047,5000,True,42,random_peer_rotation_matched_duration
random,-0.12192006478635983,0.4707963340358973,0.561200402591326,0.5609024795795591,6.78,0.9322,0.030490901403433173,no evidence,-0.17661497829412148,1.6209625894776432,258,0.00047,5000,True,42,random_timing_matched_duration
