total_trades,average_return,median_return,win_rate,std_return,trade_level_return_ratio,average_win,average_loss,expected_value,average_holding_period_days,average_holding_period_hours,average_holding_bars,trades_per_month,stop_loss_exit_rate,take_profit_exit_rate
134,0.004108498153971778,0.012292227198173,0.6417910447761194,0.03215581777794427,0.12776842381504613,0.023968172061563507,0.031473417597130064,0.004108498153971778,15.067164179104477,361.6119402985075,10.335820895522389,0.35925526292609883,0.29850746268656714,0.6567164179104478
