agent,actual_cumulative_return,median_simulated_return,mean_simulated_return,std_simulated_return,actual_percentile,p_value,p_value_prominence,p_value_interpretation,lower_5pct,upper_95pct,number_of_trades,transaction_cost,execution_cost_model,simulation_count,research_grade,reproducible,seed_used,null_model,bh_adjusted_p_value
trend_pullback,0.6149757347490095,0.7018152275945388,0.7990241389880268,0.6291090952835858,44.21115776844631,0.5580883823235353,0.2532970180590367,no evidence,-0.04808621813532738,1.9493971733057927,134,0.00047,stochastic_spread_slippage_plus_expected_commission,5000,True,True,42,structure_preserving_random_timing,0.8439112177564487
breakout_volume_momentum,0.4443339825678595,0.4341232741108826,0.49841742255014476,0.47617746998488214,50.68986202759448,0.4933013397320536,0.3068877050579317,no evidence,-0.15313854915185038,1.3752921838006658,117,0.00047,stochastic_spread_slippage_plus_expected_commission,5000,True,True,42,structure_preserving_random_timing,0.8439112177564487
mean_reversion_vol_filter,-0.025022141878309923,0.024042386081977535,0.02657148943521679,0.09869966430440227,29.69406118776245,0.7032593481303739,0.15288448623072518,no evidence,-0.13385632482972215,0.18819771237053654,16,0.00047,stochastic_spread_slippage_plus_expected_commission,5000,True,True,42,structure_preserving_random_timing,0.8439112177564487
momentum_relative_strength,0.0885828307220312,10.354616557914806,15.461909767988834,17.5624823388362,0.09998000399920016,0.9992001599680064,0.0003475051050809423,no evidence,2.1537836822966376,44.798734660642,1097,0.00047,stochastic_spread_slippage_plus_expected_commission,5000,True,True,42,structure_preserving_random_timing_shared_calendar,0.9992001599680064
trend_momentum_verification,0.914740804394456,1.3005465232481823,1.4826566324500945,1.0427460310295793,32.97340531893621,0.6704659068186363,0.17362330111884772,no evidence,0.13394468112188299,3.395153490462125,100,0.00047,stochastic_spread_slippage_plus_expected_commission,5000,True,True,42,structure_preserving_random_timing,0.8439112177564487
random,2.789741468724815,2.989830588262941,3.453184941871707,2.2470394325484127,45.85082983403319,0.5416916616676665,0.26624784951449953,no evidence,0.802386253343066,7.743178638830033,312,0.00047,stochastic_spread_slippage_plus_expected_commission,5000,True,True,42,structure_preserving_random_timing,0.8439112177564487
