agent,actual_cumulative_return,median_simulated_return,mean_simulated_return,std_simulated_return,actual_percentile,RCSI,RCSI_z,simulation_count,bh_adjusted_p_value,research_grade
trend_pullback,0.2213051362258669,0.0828721602175445,0.0864474403582978,0.1140009813554128,87.55622188905548,0.1348576958675691,1.1829520611505333,2000,0.3748125937031484,False
random,0.1824964733542533,0.0508675235666895,0.0541759942735876,0.107759608804584,88.055972013993,0.1283204790806657,1.190803126553361,2000,0.3748125937031484,False
breakout_volume_momentum,0.0686422656292446,0.0577377652887103,0.0589466469251448,0.0926342042089338,53.92303848075962,0.009695618704099795,0.10466564469244648,2000,0.9225387306346824,False
mean_reversion_vol_filter,-0.0491281008235667,0.003692058037866,0.0050661088094278,0.0653201619216659,20.839580209895058,-0.054194209632994504,-0.8296704729235974,2000,0.9505247376311844,False
trend_momentum_verification,0.027123690903822,0.110159612715636,0.1162237005977535,0.1270947862641213,24.587706146926536,-0.0891000096939315,-0.7010516506064131,2000,0.9505247376311844,False
momentum_relative_strength,-0.0960106427158462,0.5503795932299925,0.6663510308647287,0.531619793480828,1.6491754122938531,-0.7623616735805749,-1.4340355324036074,2000,0.9840079960019988,False
