agent,actual_cumulative_return,median_simulated_return,mean_simulated_return,std_simulated_return,actual_percentile,RCSI,RCSI_z,simulation_count,bh_adjusted_p_value,research_grade
breakout_volume_momentum,0.4443339825678595,0.4266289424609498,0.4897331922767347,0.4573619245680975,51.97401299350325,-0.04539920970887518,-0.09926320331922515,2000,0.8425787106446776,False
mean_reversion_vol_filter,-0.0250221418783099,0.0253211547572406,0.0286272603567707,0.1008089217716411,29.83508245877061,-0.05364940223508061,-0.5321890294254978,2000,0.8425787106446776,False
trend_pullback,0.6149757347490095,0.6953022923817738,0.787591263665411,0.6283401020784395,44.97751124437781,-0.17261552891640153,-0.27471671527158537,2000,0.8425787106446776,False
trend_momentum_verification,0.914740804394456,1.2770820451631275,1.4613813666068718,1.0478329074542627,34.282858570714644,-0.5466405622124157,-0.5216867673496657,2000,0.8425787106446776,False
random,2.789741468724815,2.9516652742406313,3.4026363679028746,2.1898390898240523,46.52673663168416,-0.6128948991780594,-0.2798812488214848,2000,0.8425787106446776,False
momentum_relative_strength,0.0885828307220312,10.192168871044128,15.612270498454151,18.795287226023586,0.0999500249875062,-15.523687667732121,-0.8259351124061742,2000,0.9995002498750626,False
