total_trades,average_return,median_return,win_rate,std_return,trade_level_return_ratio,average_win,average_loss,expected_value,average_holding_period_days,average_holding_period_hours,average_holding_bars,trades_per_month,stop_loss_exit_rate,take_profit_exit_rate
231,0.0017585962086816944,0.0039355387078388,0.5670995670995671,0.01710492198457998,0.10281229053643519,0.013458223104037593,0.013567915024234536,0.0017585962086816929,6.4978354978354975,155.94805194805195,4.523809523809524,0.6094887742718447,0.21212121212121213,0.0
