agent,actual_cumulative_return,median_simulated_return,mean_simulated_return,std_simulated_return,actual_percentile,p_value,p_value_prominence,p_value_interpretation,lower_5pct,upper_95pct,number_of_trades,transaction_cost,execution_cost_model,simulation_count,research_grade,reproducible,seed_used,null_model,bh_adjusted_p_value
trend_pullback,0.6236391987028516,0.6966912683374769,0.7877295942158493,0.6301410645289293,44.97751124437781,0.5507246376811594,0.25906549412044516,no evidence,-0.04198750895238316,1.977225756229263,134,0.00047,stochastic_spread_slippage_plus_expected_commission,2000,False,True,42,structure_preserving_random_timing,0.9995002498750626
breakout_volume_momentum,0.4443218336322579,0.4122755751700743,0.48332460424458507,0.45836120467116576,52.37381309345327,0.4767616191904048,0.3216987139321163,no evidence,-0.1416943914403045,1.312816221601427,117,0.00047,stochastic_spread_slippage_plus_expected_commission,2000,False,True,42,structure_preserving_random_timing,0.9995002498750626
mean_reversion_vol_filter,-0.025029668267811275,0.02859791585496859,0.02966694886113004,0.09981163569419418,29.08545727136432,0.7096451774112944,0.1489587442531549,no evidence,-0.1332076803289893,0.1943360467974882,16,0.00047,stochastic_spread_slippage_plus_expected_commission,2000,False,True,42,structure_preserving_random_timing,0.9995002498750626
momentum_relative_strength,0.08855626803168772,10.189079124810746,15.612422361790163,18.802090929184082,0.09995002498750624,0.9995002498750625,0.00021709297223020593,no evidence,2.1074304171834406,44.09111399450138,1097,0.00047,stochastic_spread_slippage_plus_expected_commission,2000,False,True,42,structure_preserving_random_timing_shared_calendar,0.9995002498750626
trend_momentum_verification,2.36260050410669,2.660474692184185,2.963888118738685,1.9250047698521053,42.978510744627684,0.5707146426786607,0.24358098472638215,no evidence,0.6058475350461661,6.599264889900815,377,0.00047,stochastic_spread_slippage_plus_expected_commission,2000,False,True,42,structure_preserving_random_timing,0.9995002498750626
random,1.436606870343711,2.845096521743873,3.2806848456335267,2.0862849778148607,16.34182908545727,0.8370814592703648,0.07723227726334736,no evidence,0.8238038076858554,7.245323751216764,305,0.00047,stochastic_spread_slippage_plus_expected_commission,2000,False,True,42,structure_preserving_random_timing,0.9995002498750626
