agent,actual_cumulative_return,median_simulated_return,mean_simulated_return,std_simulated_return,actual_percentile,RCSI,RCSI_z,simulation_count,bh_adjusted_p_value,research_grade
breakout_volume_momentum,0.4171825449574542,0.4034437880534298,0.455844363674361,0.4536111403292123,51.42428785607195,-0.03866181871690677,-0.08523119315113736,2000,0.8425787106446776,False
mean_reversion_vol_filter,-0.0250285888042635,0.0253299082508554,0.0286304273357943,0.1008164840314863,29.83508245877061,-0.0536590161400578,-0.5322444702921736,2000,0.8425787106446776,False
trend_pullback,0.6150314415749409,0.6953888320852863,0.7876248124008441,0.6283846280202322,44.97751124437781,-0.1725933708259032,-0.27466198746724624,2000,0.8425787106446776,False
trend_momentum_verification,2.3626205687913737,2.5840897926201647,2.961691780825741,1.8993006489305555,43.62818590704648,-0.5990712120343673,-0.3154167363506604,2000,0.8425787106446776,False
random,2.789526800288601,2.9520982304339585,3.403020341795481,2.190160937099609,46.52673663168416,-0.6134935415068798,-0.2801134524476171,2000,0.8425787106446776,False
momentum_relative_strength,0.0882397537844358,10.187038619478813,15.61072027684464,18.800519240942016,0.0999500249875062,-15.522480523060205,-0.8256410540649747,2000,0.9995002498750626,False
