agent,actual_cumulative_return,median_simulated_return,mean_simulated_return,std_simulated_return,actual_percentile,RCSI,RCSI_z,simulation_count,bh_adjusted_p_value,research_grade
breakout_volume_momentum,0.4443218336322579,0.4122755751700743,0.483324604244585,0.4583612046711657,52.37381309345327,-0.0390027706123271,-0.08509177961583418,2000,0.9995002498750626,False
mean_reversion_vol_filter,-0.0250296682678112,0.0285979158549685,0.02966694886113,0.0998116356941941,29.08545727136432,-0.054696617128941194,-0.5479984046802152,2000,0.9995002498750626,False
trend_pullback,0.6236391987028516,0.6966912683374769,0.7877295942158493,0.6301410645289293,44.97751124437781,-0.16409039551299776,-0.2604026379960903,2000,0.9995002498750626,False
trend_momentum_verification,2.36260050410669,2.660474692184185,2.963888118738685,1.9250047698521051,42.97851074462768,-0.6012876146319948,-0.31235642843533873,2000,0.9995002498750626,False
random,1.436606870343711,2.845096521743873,3.2806848456335267,2.0862849778148607,16.34182908545727,-1.8440779752898158,-0.8839051207765832,2000,0.9995002498750626,False
momentum_relative_strength,0.0885562680316877,10.189079124810746,15.612422361790165,18.80209092918408,0.0999500249875062,-15.523866093758476,-0.825645730159871,2000,0.9995002498750626,False
