total_trades,average_return,median_return,win_rate,std_return,trade_level_return_ratio,average_win,average_loss,expected_value,average_holding_period_days,average_holding_period_hours,average_holding_bars,trades_per_month,stop_loss_exit_rate,take_profit_exit_rate
312,0.004871924902275126,0.00669009466420875,0.6025641025641025,0.03422415047977802,0.1423534210192827,0.024939475447092033,0.025553071085027926,0.004871924902275124,17.137820512820515,411.3076923076923,11.778846153846153,0.817606543263022,0.0,0.0
