total_trades,average_return,median_return,win_rate,std_return,trade_level_return_ratio,average_win,average_loss,expected_value
184,0.002502122431545417,0.004403312279147,0.592391304347826,0.04301234010864839,0.05817219954145952,0.02540538091700737,0.03078394656732595,0.002502122431545418
