agent,actual_cumulative_return,median_simulated_return,mean_simulated_return,std_simulated_return,actual_percentile,p_value,p_value_prominence,p_value_interpretation,lower_5pct,upper_95pct,number_of_trades,transaction_cost,execution_cost_model,simulation_count,research_grade,reproducible,seed_used,null_model,bh_adjusted_p_value
trend_pullback,0.6235857545162525,0.6962193966057921,0.7954679893741122,0.6316234194900655,44.731053789242154,0.5528894221155769,0.2573617189069507,no evidence,-0.05060882032620403,1.9444866074097544,134,0.00047,stochastic_spread_slippage_plus_expected_commission,5000,True,True,42,structure_preserving_random_timing,0.8439112177564487
breakout_volume_momentum,0.4170934897280362,0.4120080046312278,0.47320090729692094,0.46648503505017697,50.58988202359528,0.4943011397720456,0.30600838813088954,no evidence,-0.1670086273167135,1.3220684069916329,116,0.00047,stochastic_spread_slippage_plus_expected_commission,5000,True,True,42,structure_preserving_random_timing,0.8439112177564487
mean_reversion_vol_filter,-0.025020712918167876,0.02404366240313885,0.02657144487156113,0.0986995018524504,29.69406118776245,0.7032593481303739,0.15288448623072518,no evidence,-0.1338570943311943,0.18819665601375185,16,0.00047,stochastic_spread_slippage_plus_expected_commission,5000,True,True,42,structure_preserving_random_timing,0.8439112177564487
momentum_relative_strength,0.0885828307220312,10.354616557914806,15.461909767988834,17.5624823388362,0.09998000399920016,0.9992001599680064,0.0003475051050809423,no evidence,2.1537836822966376,44.798734660642,1097,0.00047,stochastic_spread_slippage_plus_expected_commission,5000,True,True,42,structure_preserving_random_timing_shared_calendar,0.9992001599680064
trend_momentum_verification,0.9586644511342096,1.3125341901402878,1.492528873697798,1.048837627427045,34.21315736852629,0.6580683863227355,0.18172897225329418,no evidence,0.16331921880498224,3.4827196000945135,99,0.00047,stochastic_spread_slippage_plus_expected_commission,5000,True,True,42,structure_preserving_random_timing,0.8439112177564487
random,2.789729274978779,2.989822544914477,3.453205759471563,2.247066849041218,45.830833833233356,0.5418916216756648,0.26608756367326203,no evidence,0.8023723455942636,7.742834016374036,312,0.00047,stochastic_spread_slippage_plus_expected_commission,5000,True,True,42,structure_preserving_random_timing,0.8439112177564487
