agent,actual_cumulative_return,median_simulated_return,mean_simulated_return,std_simulated_return,actual_percentile,RCSI,RCSI_z,simulation_count,bh_adjusted_p_value,research_grade
mean_reversion_vol_filter,-0.0250284348461528,0.024034434335796,0.0265743783008917,0.0987070676735904,29.69406118776245,-0.0516028131470445,-0.5227874190092175,5000,0.8439112177564487,True
breakout_volume_momentum,0.4171831483575066,0.4120957988336033,0.4732394524774641,0.466537100455811,50.56988602279544,-0.05605630411995749,-0.12015401147130629,5000,0.8439112177564487,True
trend_momentum_verification,0.0931276799006629,0.1375048320502749,0.149347389694665,0.2038919498306201,41.55168966206759,-0.05621970979400209,-0.2757328567444948,5000,0.8439112177564487,True
trend_pullback,0.6055638558624016,0.6981595965421873,0.7908051647616904,0.6149281407895,43.13137372525495,-0.1852413088992888,-0.3012405785519254,5000,0.8439112177564487,True
random,2.7895395383505983,2.9904674802809517,3.4535431499622953,2.2473295363141945,45.85082983403319,-0.664003611611697,-0.29546339372227426,5000,0.8439112177564487,True
momentum_relative_strength,0.0882377416624563,10.353456559055,15.460479155057127,17.56826591046113,0.0999800039992001,-15.37224141339467,-0.8750004975870258,5000,0.9992001599680064,True
