agent,actual_cumulative_return,median_simulated_return,mean_simulated_return,std_simulated_return,actual_percentile,p_value,p_value_prominence,p_value_interpretation,lower_5pct,upper_95pct,number_of_trades,transaction_cost,execution_cost_model,simulation_count,research_grade,reproducible,seed_used,null_model,bh_adjusted_p_value
trend_pullback,0.6055638558624016,0.6981595965421873,0.7908051647616904,0.6149281407895,43.13137372525495,0.5688862227554489,0.24497458381657783,no evidence,-0.04206144991684381,1.907441090582214,132,0.00047,stochastic_spread_slippage_plus_expected_commission,5000,True,True,42,structure_preserving_random_timing,0.8439112177564487
breakout_volume_momentum,0.41718314835750664,0.4120957988336033,0.47323945247746413,0.46653710045581104,50.569886022795444,0.494501099780044,0.30583273818637047,no evidence,-0.16701503100979484,1.3222956364928509,116,0.00047,stochastic_spread_slippage_plus_expected_commission,5000,True,True,42,structure_preserving_random_timing,0.8439112177564487
mean_reversion_vol_filter,-0.02502843484615286,0.024034434335796016,0.02657437830089173,0.09870706767359046,29.69406118776245,0.7032593481303739,0.15288448623072518,no evidence,-0.13385317498004232,0.1882071487856643,16,0.00047,stochastic_spread_slippage_plus_expected_commission,5000,True,True,42,structure_preserving_random_timing,0.8439112177564487
momentum_relative_strength,0.08823774166245638,10.353456559055001,15.460479155057127,17.56826591046113,0.09998000399920016,0.9992001599680064,0.0003475051050809423,no evidence,2.152375017651389,44.80604114513741,1097,0.00047,stochastic_spread_slippage_plus_expected_commission,5000,True,True,42,structure_preserving_random_timing_shared_calendar,0.9992001599680064
trend_momentum_verification,0.09312767990066292,0.13750483205027497,0.149347389694665,0.20389194983062014,41.55168966206759,0.5846830633873226,0.23307948626184488,no evidence,-0.16643370543058686,0.5038117096504929,32,0.00047,stochastic_spread_slippage_plus_expected_commission,5000,True,True,42,structure_preserving_random_timing,0.8439112177564487
random,2.7895395383505983,2.9904674802809517,3.4535431499622953,2.2473295363141945,45.85082983403319,0.5416916616676665,0.26624784951449953,no evidence,0.8022506350177517,7.74368029898974,312,0.00047,stochastic_spread_slippage_plus_expected_commission,5000,True,True,42,structure_preserving_random_timing,0.8439112177564487
