agent,actual_cumulative_return,median_simulated_return,mean_simulated_return,std_simulated_return,actual_percentile,RCSI,RCSI_z,simulation_count,bh_adjusted_p_value,research_grade
mean_reversion_vol_filter,-0.0250213097592363,0.0240428594949869,0.0265714630667592,0.0986995806006361,29.69406118776245,-0.0515927728259955,-0.522725350118286,5000,0.8439112177564487,True
breakout_volume_momentum,0.444330955790181,0.4341193564374076,0.4984183334128855,0.4761779768816544,50.68986202759448,-0.05408737762270449,-0.11358647448776689,5000,0.8439112177564487,True
trend_pullback,0.6235872732178174,0.6961938872951636,0.7954641248127812,0.6316167586272952,44.731053789242154,-0.1718768515949638,-0.27212205700258346,5000,0.8439112177564487,True
trend_momentum_verification,0.9147384977964592,1.300544393468901,1.48265833679992,1.0427471744784491,32.97340531893621,-0.5679198390034608,-0.544638099151424,5000,0.8439112177564487,True
random,2.789739715033743,2.989939954660998,3.453129531868106,2.247042871939712,45.85082983403319,-0.6633898168343633,-0.2952279305030376,5000,0.8439112177564487,True
momentum_relative_strength,0.0885828307220312,10.354616557914806,15.461909767988834,17.5624823388362,0.0999800039992001,-15.373326937266803,-0.8753504567672371,5000,0.9992001599680064,True
