agent,actual_cumulative_return,median_simulated_return,mean_simulated_return,std_simulated_return,actual_percentile,p_value,p_value_prominence,p_value_interpretation,lower_5pct,upper_95pct,number_of_trades,transaction_cost,execution_cost_model,simulation_count,research_grade,reproducible,seed_used,null_model,bh_adjusted_p_value
trend_pullback,0.6150281256113398,0.6951342500375522,0.7934499999610296,0.6342782863086499,44.72763618190905,0.553223388305847,0.2570994677574886,no evidence,-0.05317710713327319,1.9181069861384263,134,0.00047,stochastic_spread_slippage_plus_expected_commission,2000,False,True,42,structure_preserving_random_timing,0.9995002498750626
breakout_volume_momentum,0.44432108152625,0.41227528435406974,0.48332540303964994,0.45836250575663035,52.37381309345327,0.4767616191904048,0.3216987139321163,no evidence,-0.14169810013375272,1.3128100732122807,117,0.00047,stochastic_spread_slippage_plus_expected_commission,2000,False,True,42,structure_preserving_random_timing,0.9995002498750626
mean_reversion_vol_filter,-0.025030031894343992,0.028598649027629444,0.02966699664112083,0.09981171459002766,29.08545727136432,0.7096451774112944,0.1489587442531549,no evidence,-0.1332086206824637,0.19433829763982616,16,0.00047,stochastic_spread_slippage_plus_expected_commission,2000,False,True,42,structure_preserving_random_timing,0.9995002498750626
momentum_relative_strength,0.08824216860738388,10.187037599416794,15.610655806314416,18.800411817187637,0.09995002498750624,0.9995002498750625,0.00021709297223020593,no evidence,2.1075325192811487,44.08141201112723,1097,0.00047,stochastic_spread_slippage_plus_expected_commission,2000,False,True,42,structure_preserving_random_timing_shared_calendar,0.9995002498750626
trend_momentum_verification,2.362604174457719,2.6604375754327974,2.9638658552199955,1.9249980363813224,42.978510744627684,0.5707146426786607,0.24358098472638215,no evidence,0.6058349027682043,6.598931340515885,377,0.00047,stochastic_spread_slippage_plus_expected_commission,2000,False,True,42,structure_preserving_random_timing,0.9995002498750626
random,1.4366079557756817,2.8452386910900422,3.2806665598939473,2.0863018006161185,16.34182908545727,0.8370814592703648,0.07723227726334736,no evidence,0.8236949277125725,7.2455879394954525,305,0.00047,stochastic_spread_slippage_plus_expected_commission,2000,False,True,42,structure_preserving_random_timing,0.9995002498750626
