total_trades,average_return,median_return,win_rate,std_return,trade_level_return_ratio,average_win,average_loss,expected_value,average_holding_period_days,average_holding_period_hours,average_holding_bars,trades_per_month,stop_loss_exit_rate,take_profit_exit_rate
98,0.006821118588570205,0.0004391473284656291,0.5,0.029067896517501766,0.23466158221883074,0.02966229483259166,0.01602005765545125,0.006821118588570206,30.76530612244898,738.3673469387755,21.20408163265306,0.2624846004927842,0.061224489795918366,0.22448979591836735
