agent,actual_cumulative_return,median_simulated_return,mean_simulated_return,std_simulated_return,actual_percentile,p_value,p_value_prominence,p_value_interpretation,lower_5pct,upper_95pct,number_of_trades,transaction_cost,execution_cost_model,simulation_count,research_grade,reproducible,seed_used,null_model,bh_adjusted_p_value
trend_pullback,0.6148807906418928,0.6951587688754133,0.7934758414151036,0.6342856661705719,44.72763618190905,0.553223388305847,0.2570994677574886,no evidence,-0.05324580338022793,1.9181679271588346,134,0.00047,stochastic_spread_slippage_plus_expected_commission,2000,False,True,42,structure_preserving_random_timing,0.9995002498750626
breakout_volume_momentum,0.41718005968471045,0.40274202769490924,0.4516947441043857,0.4528910367603081,51.52423788105946,0.4852573713143428,0.31402785872820654,no evidence,-0.19357434096950993,1.2536302107200712,116,0.00047,stochastic_spread_slippage_plus_expected_commission,2000,False,True,42,structure_preserving_random_timing,0.9995002498750626
mean_reversion_vol_filter,-0.025028288359636,0.028598289341862232,0.029666949992334154,0.09981159589679849,29.08545727136432,0.7096451774112944,0.1489587442531549,no evidence,-0.13320540146515683,0.19433717496220038,16,0.00047,stochastic_spread_slippage_plus_expected_commission,2000,False,True,42,structure_preserving_random_timing,0.9995002498750626
momentum_relative_strength,0.08824216860738388,10.187037599416794,15.610655806314416,18.800411817187637,0.09995002498750624,0.9995002498750625,0.00021709297223020593,no evidence,2.1075325192811487,44.08141201112723,1097,0.00047,stochastic_spread_slippage_plus_expected_commission,2000,False,True,42,structure_preserving_random_timing_shared_calendar,0.9995002498750626
trend_momentum_verification,2.36261047455495,2.660440810231088,2.963857749134163,1.9249906000942487,42.978510744627684,0.5707146426786607,0.24358098472638215,no evidence,0.6058218915221016,6.598939823203888,377,0.00047,stochastic_spread_slippage_plus_expected_commission,2000,False,True,42,structure_preserving_random_timing,0.9995002498750626
random,1.4366152009037232,2.845082226306864,3.2806624294391593,2.0862645498812205,16.34182908545727,0.8370814592703648,0.07723227726334736,no evidence,0.8238038071543844,7.245296089626252,305,0.00047,stochastic_spread_slippage_plus_expected_commission,2000,False,True,42,structure_preserving_random_timing,0.9995002498750626
