agent,actual_cumulative_return,median_simulated_return,mean_simulated_return,std_simulated_return,actual_percentile,RCSI,RCSI_z,simulation_count,bh_adjusted_p_value,research_grade
breakout_volume_momentum,0.4443255944054787,0.4266662087766366,0.4897677809099431,0.4573928599696829,51.97401299350325,-0.04544218650446441,-0.09935045008677318,2000,0.8425787106446776,False
mean_reversion_vol_filter,-0.0250295389858875,0.0253308444548743,0.0286304232126111,0.1008165900962678,29.83508245877061,-0.0536599621984986,-0.5322532942967,2000,0.8425787106446776,False
trend_pullback,0.6053954718026473,0.7051261026158364,0.7929598841912555,0.6105628710823893,42.87856071964018,-0.18756441238860821,-0.3071991784500409,2000,0.8425787106446776,False
trend_momentum_verification,0.9147224676325608,1.277014264457189,1.461476065914712,1.0479148763299082,34.282858570714644,-0.5467535982821511,-0.521753828132525,2000,0.8425787106446776,False
random,2.789520214575195,2.952196500625452,3.4030298859343513,2.190173857759613,46.52673663168416,-0.6135096713591563,-0.28011916459761405,2000,0.8425787106446776,False
momentum_relative_strength,0.0882388232307588,10.18738716282586,15.610901385089916,18.800730714294016,0.0999500249875062,-15.522662561859157,-0.8256414496728802,2000,0.9995002498750626,False
