agent,actual_cumulative_return,median_simulated_return,mean_simulated_return,std_simulated_return,actual_percentile,p_value,p_value_prominence,p_value_interpretation,lower_5pct,upper_95pct,number_of_trades,transaction_cost,execution_cost_model,simulation_count,research_grade,reproducible,seed_used,null_model,bh_adjusted_p_value
trend_pullback,0.6236262392426246,0.6865818988508808,0.7842458628034267,0.6207507835639253,45.27736131934033,0.5477261369315343,0.261436534487861,no evidence,-0.053663245702821875,1.943886605058831,134,0.00047,stochastic_spread_slippage_plus_expected_commission,2000,False,True,42,structure_preserving_random_timing,0.9775112443778111
breakout_volume_momentum,0.41717733591987544,0.403443390369698,0.45584499166675324,0.4536116234182009,51.424287856071956,0.4862568715642179,0.3131342483678595,no evidence,-0.1723939951713427,1.2906599645334313,116,0.00047,stochastic_spread_slippage_plus_expected_commission,2000,False,True,42,structure_preserving_random_timing,0.9775112443778111
mean_reversion_vol_filter,-0.025030429804135584,0.025331201364015447,0.028630426618545844,0.10081669763502783,29.83508245877061,0.7021489255372314,0.1535707643951127,no evidence,-0.13474475614006823,0.19700126914798852,16,0.00047,stochastic_spread_slippage_plus_expected_commission,2000,False,True,42,structure_preserving_random_timing,0.9775112443778111
momentum_relative_strength,0.08823882323075882,10.18738716282586,15.610901385089916,18.800730714294016,0.09995002498750624,0.9995002498750625,0.00021709297223020593,no evidence,2.107584864426062,44.083969146682755,1097,0.00047,stochastic_spread_slippage_plus_expected_commission,2000,False,True,42,structure_preserving_random_timing_shared_calendar,0.9995002498750626
trend_momentum_verification,0.5556766846978244,1.274716401618533,1.4472813381435703,1.0197356566047047,18.590704647676162,0.8145927036481759,0.08905948423225359,no evidence,0.15099573662589544,3.3891323931304562,171,0.00047,stochastic_spread_slippage_plus_expected_commission,2000,False,True,42,structure_preserving_random_timing,0.9775112443778111
random,2.7895335725265245,2.9520668607516063,3.4030022705040412,2.190145619211182,46.52673663168416,0.5352323838080959,0.2714576178043558,no evidence,0.8315450598636522,7.501116070544789,312,0.00047,stochastic_spread_slippage_plus_expected_commission,2000,False,True,42,structure_preserving_random_timing,0.9775112443778111
