agent,actual_cumulative_return,median_simulated_return,mean_simulated_return,std_simulated_return,actual_percentile,RCSI,RCSI_z,simulation_count,bh_adjusted_p_value,research_grade
breakout_volume_momentum,0.4171773359198754,0.403443390369698,0.4558449916667532,0.4536116234182009,51.42428785607195,-0.038667655746877805,-0.08524397028342615,2000,0.9775112443778112,False
mean_reversion_vol_filter,-0.0250304298041355,0.0253312013640154,0.0286304266185458,0.1008166976350278,29.83508245877061,-0.0536608564226813,-0.5322615963572025,2000,0.9775112443778112,False
trend_pullback,0.6236262392426246,0.6865818988508808,0.7842458628034267,0.6207507835639253,45.27736131934033,-0.16061962356080206,-0.2587505772262329,2000,0.9775112443778112,False
random,2.7895335725265245,2.9520668607516063,3.4030022705040412,2.190145619211182,46.52673663168416,-0.6134686979775168,-0.2801040682392926,2000,0.9775112443778112,False
trend_momentum_verification,0.5556766846978244,1.274716401618533,1.4472813381435703,1.0197356566047049,18.59070464767616,-0.8916046534457459,-0.8743488056644191,2000,0.9775112443778112,False
momentum_relative_strength,0.0882388232307588,10.18738716282586,15.610901385089916,18.800730714294016,0.0999500249875062,-15.522662561859157,-0.8256414496728802,2000,0.9995002498750626,False
