agent,actual_cumulative_return,median_simulated_return,mean_simulated_return,std_simulated_return,actual_percentile,RCSI,RCSI_z,simulation_count,bh_adjusted_p_value,research_grade
breakout_volume_momentum,0.4171800596847104,0.4027420276949092,0.4516947441043857,0.4528910367603081,51.52423788105946,-0.03451468441967531,-0.076209687580861,2000,0.9995002498750626,False
mean_reversion_vol_filter,-0.025028288359636,0.0285982893418622,0.0296669499923341,0.0998115958967984,29.08545727136432,-0.0546952383519701,-0.5479848093855048,2000,0.9995002498750626,False
trend_pullback,0.6148807906418928,0.6951587688754133,0.7934758414151036,0.6342856661705719,44.72763618190905,-0.1785950507732108,-0.2815687951005708,2000,0.9995002498750626,False
trend_momentum_verification,2.36261047455495,2.660440810231088,2.963857749134163,1.9249906000942487,42.97851074462768,-0.601247274579213,-0.3123377717012102,2000,0.9995002498750626,False
random,1.4366152009037232,2.845082226306864,3.2806624294391593,2.0862645498812205,16.34182908545727,-1.8440472285354361,-0.8838990379434024,2000,0.9995002498750626,False
momentum_relative_strength,0.0882421686073838,10.187037599416794,15.610655806314416,18.800411817187637,0.0999500249875062,-15.522413637707032,-0.8256422140453431,2000,0.9995002498750626,False
