agent,actual_cumulative_return,median_simulated_return,mean_simulated_return,std_simulated_return,actual_percentile,p_value,p_value_prominence,p_value_interpretation,lower_5pct,upper_95pct,number_of_trades,transaction_cost,execution_cost_model,simulation_count,research_grade,reproducible,seed_used,null_model,bh_adjusted_p_value
trend_pullback,0.6236262392426246,0.6962389430562753,0.7954987832393847,0.6316367189737024,44.731053789242154,0.5528894221155769,0.2573617189069507,no evidence,-0.05056687367269856,1.9446425049045781,134,0.00047,stochastic_spread_slippage_plus_expected_commission,5000,True,True,42,structure_preserving_random_timing,0.8439112177564487
breakout_volume_momentum,0.41717733591987544,0.41210726619272847,0.4732412137803456,0.46653902879129133,50.569886022795444,0.494501099780044,0.30583273818637047,no evidence,-0.16701531488643098,1.3222958071383484,116,0.00047,stochastic_spread_slippage_plus_expected_commission,5000,True,True,42,structure_preserving_random_timing,0.8439112177564487
mean_reversion_vol_filter,-0.025030429804135584,0.02403623889683469,0.026574423221820485,0.09870724372829116,29.69406118776245,0.7032593481303739,0.15288448623072518,no evidence,-0.1338513658499476,0.18820915200107857,16,0.00047,stochastic_spread_slippage_plus_expected_commission,5000,True,True,42,structure_preserving_random_timing,0.8439112177564487
momentum_relative_strength,0.08823882323075882,10.353834869950791,15.46059349797245,17.568446936858322,0.09998000399920016,0.9992001599680064,0.0003475051050809423,no evidence,2.1523351870553893,44.80602355853797,1097,0.00047,stochastic_spread_slippage_plus_expected_commission,5000,True,True,42,structure_preserving_random_timing_shared_calendar,0.9992001599680064
trend_momentum_verification,0.9635941993204455,1.3035143969866296,1.487057271767533,1.0418697974630295,34.69306138772246,0.6532693461307738,0.18490772007223039,no evidence,0.16543846758188432,3.455765796515701,99,0.00047,stochastic_spread_slippage_plus_expected_commission,5000,True,True,42,structure_preserving_random_timing,0.8439112177564487
random,2.7895335725265245,2.9906472852643704,3.4535385236261718,2.247326851448397,45.85082983403319,0.5416916616676665,0.26624784951449953,no evidence,0.802270525364051,7.743894603333027,312,0.00047,stochastic_spread_slippage_plus_expected_commission,5000,True,True,42,structure_preserving_random_timing,0.8439112177564487
