agent,actual_cumulative_return,median_simulated_return,mean_simulated_return,std_simulated_return,actual_percentile,RCSI,RCSI_z
mean_reversion,3.125893919319789,0.7248115815586189,0.8466118514983656,0.6892957605830602,99.4,2.4010823377611703,3.3066822663952387
momentum,9.99885318344263,9.97538406279869,11.114794101996456,5.140611668814523,50.22,0.02346912064393969,-0.21708329483895297
breakout,3.776183902303,6.2295162428188,6.994499686294237,3.73932805126874,17.66,-2.4533323405158,-0.8606668737981613
random,0.3204521629115424,2.823906441321448,3.2669119406115925,2.0966353586685713,0.8999999999999999,-2.5034542784099054,-1.4053277149590493
trend,3.2824569625834146,7.19021345689125,8.01769782855651,4.108231853375181,6.68,-3.9077564943078356,-1.1526225965272106
