agent,actual_cumulative_return,median_simulated_return,mean_simulated_return,std_simulated_return,actual_percentile,RCSI,RCSI_z,simulation_count,bh_adjusted_p_value,research_grade
uptrend_oversold_reversion,0.2020870972345829,0.0937706784959989,0.1085453040095587,0.2062958365919319,69.11544227886057,0.0935417932250242,0.4534351966106647,2000,0.802455914899693,False
breakout_volume_momentum,0.4170966381524073,0.4034765943337705,0.4558054758375311,0.4535610998618111,51.42428785607195,-0.03870883768512384,-0.08534426276177008,2000,0.802455914899693,False
mean_reversion_vol_filter,-0.0250223100526674,0.0253215084626094,0.0286272775272365,0.1008089284629293,29.83508245877061,-0.0536495875799039,-0.532190832676419,2000,0.802455914899693,False
volatility_squeeze_breakout,0.1077932290188434,0.1667619552721955,0.1778249456368261,0.2372203516866076,40.379810094952525,-0.0700317166179827,-0.2952179950837514,2000,0.802455914899693,False
trend_pullback,0.6054362047875553,0.7050621546620985,0.7928949163160255,0.6105046896812175,42.92853573213393,-0.18745871152847016,-0.30705531783278195,2000,0.802455914899693,False
trend_momentum_verification,0.8698068942706768,1.2160224431719424,1.4044830819789922,1.0221325997149158,33.83308345827086,-0.5346761877083154,-0.5230986545751917,2000,0.802455914899693,False
random,2.7897428206648223,2.9989681049915613,3.406465621180062,2.092940326786596,45.777111444277864,-0.6167228005152396,-0.29466812437128936,2000,0.802455914899693,False
adx_trend_following,0.4961306228442414,1.182302562520209,1.3599014250586154,0.9976187719718892,17.291354322838583,-0.863770802214374,-0.8658325469428048,2000,0.8275862068965517,False
