total_trades,average_return,median_return,win_rate,std_return,trade_level_return_ratio,average_win,average_loss,expected_value,average_holding_period_days,average_holding_period_hours,average_holding_bars,trades_per_month,stop_loss_exit_rate,take_profit_exit_rate
132,0.004124722307066113,0.0126116487643089,0.6439393939393939,0.03237279728608286,0.12741321890151705,0.024111499851874614,0.03202157750801311,0.004124722307066104,15.212121212121213,365.09090909090907,10.43939393939394,0.35389324407645556,0.30303030303030304,0.6515151515151515
