agent,actual_cumulative_return,median_simulated_return,mean_simulated_return,std_simulated_return,actual_percentile,p_value,p_value_prominence,p_value_interpretation,lower_5pct,upper_95pct,number_of_trades,transaction_cost,simulation_count,reproducible,seed_used,null_model
trend,3.2824569625834146,7.19021345689125,8.01769782855651,4.108231853375181,6.68,0.9332,0.03002526987828497,no evidence,3.0066413831705496,15.832725955418075,275,0.00047,5000,True,42,random_timing_matched_duration
mean_reversion,3.125893919319789,0.7248115815586189,0.8466118514983656,0.6892957605830602,99.4,0.006,2.221848749616356,strong evidence,-0.0516337949043426,2.131517016685332,142,0.00047,5000,True,42,random_timing_matched_duration
random,0.32045216291154244,2.823906441321448,3.2669119406115925,2.0966353586685713,0.8999999999999999,0.991,0.0039263455147246756,no evidence,0.8029266213843087,7.2670907470921895,184,0.00047,5000,True,42,random_timing_matched_duration
momentum,9.99885318344263,9.97538406279869,11.114794101996456,5.140611668814523,50.22,0.4978,0.30294510772742556,no evidence,5.021931466632443,20.80638252426978,118,0.00047,5000,True,42,random_timing_matched_duration
breakout,3.776183902303,6.2295162428188,6.994499686294237,3.73932805126874,17.66,0.8234,0.08438913733853275,no evidence,2.5114527380755343,14.054665284415613,97,0.00047,5000,True,42,random_timing_matched_duration
