total_trades,average_return,median_return,win_rate,std_return,trade_level_return_ratio,average_win,average_loss,expected_value,average_holding_period_days,average_holding_period_hours,average_holding_bars,trades_per_month,stop_loss_exit_rate,take_profit_exit_rate
234,0.0001750688783226494,-0.0022434052664949,0.4230769230769231,0.007988146369848754,0.02191608293301267,0.008286317828277406,0.0057731803516441705,0.00017506887832265073,1.8034188034188035,54.88034188034188,10.525641025641026,7.583044982698961,0.1581196581196581,0.3803418803418803
