agent,actual_cumulative_return,median_simulated_return,mean_simulated_return,std_simulated_return,actual_percentile,p_value,p_value_prominence,p_value_interpretation,lower_5pct,upper_95pct,number_of_trades,transaction_cost,execution_cost_model,simulation_count,research_grade,reproducible,seed_used,null_model,bh_adjusted_p_value
trend_pullback,0.6053954718026473,0.7051261026158364,0.7929598841912555,0.6105628710823893,42.87856071964018,0.5717141429285357,0.24282106417920601,no evidence,-0.04234633725156573,1.8888383659832626,132,0.00047,stochastic_spread_slippage_plus_expected_commission,2000,False,True,42,structure_preserving_random_timing,0.8425787106446776
breakout_volume_momentum,0.4443255944054787,0.42666620877663664,0.4897677809099431,0.45739285996968293,51.97401299350325,0.48075962018990503,0.31807201659839845,no evidence,-0.14043316698138497,1.3455680558598504,117,0.00047,stochastic_spread_slippage_plus_expected_commission,2000,False,True,42,structure_preserving_random_timing,0.8425787106446776
mean_reversion_vol_filter,-0.025029538985887563,0.025330844454874348,0.028630423212611163,0.1008165900962678,29.83508245877061,0.7021489255372314,0.1535707643951127,no evidence,-0.13474250198090545,0.19700382261567792,16,0.00047,stochastic_spread_slippage_plus_expected_commission,2000,False,True,42,structure_preserving_random_timing,0.8425787106446776
momentum_relative_strength,0.08823882323075882,10.18738716282586,15.610901385089916,18.800730714294016,0.09995002498750624,0.9995002498750625,0.00021709297223020593,no evidence,2.107584864426062,44.083969146682755,1097,0.00047,stochastic_spread_slippage_plus_expected_commission,2000,False,True,42,structure_preserving_random_timing_shared_calendar,0.9995002498750626
trend_momentum_verification,0.9147224676325607,1.2770142644571887,1.461476065914712,1.0479148763299082,34.282858570714644,0.657671164417791,0.18199119935827476,no evidence,0.12579523188625258,3.3957620128766015,100,0.00047,stochastic_spread_slippage_plus_expected_commission,2000,False,True,42,structure_preserving_random_timing,0.8425787106446776
random,2.789520214575195,2.952196500625452,3.4030298859343513,2.190173857759613,46.52673663168416,0.5352323838080959,0.2714576178043558,no evidence,0.831605048628791,7.501172384052881,312,0.00047,stochastic_spread_slippage_plus_expected_commission,2000,False,True,42,structure_preserving_random_timing,0.8425787106446776
