agent,actual_cumulative_return,median_simulated_return,mean_simulated_return,std_simulated_return,actual_percentile,RCSI,RCSI_z,simulation_count,bh_adjusted_p_value,research_grade
random,0.1824964733542533,0.0502918857679605,0.0543698121906941,0.108555570476161,87.74245150969806,0.1281266611635592,1.1802863786865367,5000,0.613877224555089,True
trend_pullback,0.0101584369110594,0.007203151327966,0.0085151465265005,0.0663737764505686,51.969606078784246,0.001643290384558899,0.024758126965741173,5000,0.8413317336532694,True
mean_reversion_vol_filter,-0.0123464615735292,-0.0057610925319093,-0.0053629188407366,0.0257466127036562,38.912217556488706,-0.0069835427327926,-0.27124122358048625,5000,0.8413317336532694,True
breakout_volume_momentum,0.0035650772628672,0.0403627917920158,0.0411681131193074,0.0804693891489847,32.71345730853829,-0.0376030358564402,-0.4672961514200167,5000,0.8413317336532694,True
momentum_relative_strength,-0.0960106427158462,0.5472401873115491,0.6522627866951736,0.5211998108349076,1.5596880623875224,-0.7482734294110198,-1.4356747908491447,5000,0.9846030793841232,True
