total_trades,average_return,median_return,win_rate,std_return,trade_level_return_ratio,average_win,average_loss,expected_value,average_holding_period_days,average_holding_period_hours,average_holding_bars,trades_per_month,stop_loss_exit_rate,take_profit_exit_rate
377,0.003596886061291655,-0.0037422905517305,0.4482758620689655,0.027503240198298674,0.1307804475166586,0.03011743386356312,0.017951059028053905,0.0035968860612916598,13.679045092838196,328.2970822281167,9.46949602122016,0.9972136525593117,0.1246684350132626,0.38726790450928383
