agent,actual_cumulative_return,median_simulated_return,mean_simulated_return,std_simulated_return,actual_percentile,p_value,p_value_prominence,p_value_interpretation,lower_5pct,upper_95pct,number_of_trades,transaction_cost,execution_cost_model,simulation_count,research_grade,reproducible,seed_used,null_model,bh_adjusted_p_value
trend_pullback,-0.03468845740245236,0.012166877314900694,0.012172553060224533,0.06682918852154608,24.35129740518962,0.7584830339321357,0.12005412925043558,no evidence,-0.09590124559935882,0.12539315801421508,79,0.00047,stochastic_spread_slippage_plus_expected_commission,500,False,True,42,structure_preserving_random_timing,0.9880239520958083
breakout_volume_momentum,0.032467732166253434,0.06758202141394883,0.06565781374210428,0.09102460651047303,35.728542914171655,0.6447105788423154,0.1906352035361428,no evidence,-0.07980788604529704,0.22481361414527448,85,0.00047,stochastic_spread_slippage_plus_expected_commission,500,False,True,42,structure_preserving_random_timing,0.9880239520958083
mean_reversion_vol_filter,-0.06988916100140215,-0.009850533307076439,-0.006576370464341247,0.03801439728913452,4.191616766467066,0.9600798403193613,0.017692649493413926,no evidence,-0.06676981668268764,0.055858732659098256,31,0.00047,stochastic_spread_slippage_plus_expected_commission,500,False,True,42,structure_preserving_random_timing,0.9880239520958083
momentum_relative_strength,-0.12687637781991368,0.4726099453492534,0.5528526868573381,0.4498413139305911,1.3972055888223553,0.9880239520958084,0.00523252693367699,no evidence,-0.021022954611524175,1.3958202648505798,294,0.00047,stochastic_spread_slippage_plus_expected_commission,500,False,True,42,structure_preserving_random_timing_shared_calendar,0.9880239520958083
random,0.1824964733542533,0.06081329489745745,0.06356977039321682,0.10893646699383903,85.62874251497006,0.14570858283433133,0.8365148657467898,no evidence,-0.1125621544834924,0.24692796012488394,90,0.00047,stochastic_spread_slippage_plus_expected_commission,500,False,True,42,structure_preserving_random_timing,0.7285429141716566
