agent,actual_cumulative_return,median_simulated_return,mean_simulated_return,std_simulated_return,actual_percentile,p_value,p_value_prominence,p_value_interpretation,lower_5pct,upper_95pct,number_of_trades,transaction_cost,execution_cost_model,simulation_count,research_grade,reproducible,seed_used,null_model,bh_adjusted_p_value
trend_pullback,0.6150314415749409,0.6953888320852863,0.7876248124008441,0.6283846280202322,44.97751124437781,0.5507246376811594,0.25906549412044516,no evidence,-0.05674560028243419,1.9155542398005279,134,0.00047,stochastic_spread_slippage_plus_expected_commission,2000,False,True,42,structure_preserving_random_timing,0.8425787106446776
breakout_volume_momentum,0.4171825449574542,0.40344378805342984,0.45584436367436104,0.4536111403292123,51.424287856071956,0.4862568715642179,0.3131342483678595,no evidence,-0.17239419837262712,1.2906552677596728,116,0.00047,stochastic_spread_slippage_plus_expected_commission,2000,False,True,42,structure_preserving_random_timing,0.8425787106446776
mean_reversion_vol_filter,-0.025028588804263598,0.025329908250855487,0.02863042733579437,0.10081648403148635,29.83508245877061,0.7021489255372314,0.1535707643951127,no evidence,-0.13474245952694217,0.19700172351980036,16,0.00047,stochastic_spread_slippage_plus_expected_commission,2000,False,True,42,structure_preserving_random_timing,0.8425787106446776
momentum_relative_strength,0.08823975378443584,10.187038619478813,15.61072027684464,18.800519240942016,0.09995002498750624,0.9995002498750625,0.00021709297223020593,no evidence,2.107542647930018,44.08166901093392,1097,0.00047,stochastic_spread_slippage_plus_expected_commission,2000,False,True,42,structure_preserving_random_timing_shared_calendar,0.9995002498750626
trend_momentum_verification,2.3626205687913737,2.5840897926201647,2.961691780825741,1.8993006489305557,43.62818590704648,0.5642178910544727,0.24855314671124357,no evidence,0.6267953340728948,6.557755003323224,377,0.00047,stochastic_spread_slippage_plus_expected_commission,2000,False,True,42,structure_preserving_random_timing,0.8425787106446776
random,2.789526800288601,2.9520982304339585,3.403020341795481,2.190160937099609,46.52673663168416,0.5352323838080959,0.2714576178043558,no evidence,0.8315495971791773,7.501029777148035,312,0.00047,stochastic_spread_slippage_plus_expected_commission,2000,False,True,42,structure_preserving_random_timing,0.8425787106446776
