total_trades,average_return,median_return,win_rate,std_return,trade_level_return_ratio,average_win,average_loss,expected_value
97,0.018500129869145468,0.0030978931318976,0.5257731958762887,0.07262599802424428,0.2547315062433935,0.06773527107857603,0.03608665712391886,0.018500129869145465
