agent,actual_cumulative_return,median_simulated_return,mean_simulated_return,std_simulated_return,actual_percentile,RCSI,RCSI_z,simulation_count,bh_adjusted_p_value,research_grade
breakout_volume_momentum,0.4443247919919339,0.4122798674430811,0.4833240862689142,0.4583606050296567,52.37381309345327,-0.03899929427698029,-0.08508430665514322,2000,0.9995002498750626,False
mean_reversion_vol_filter,-0.0250297661596754,0.0285985499322828,0.0296669205522756,0.0998116591379782,29.08545727136432,-0.054696686711951,-0.5479989731093348,2000,0.9995002498750626,False
trend_pullback,0.6138501784935743,0.7100732526365152,0.7955358941053191,0.614052922599764,43.77811094452774,-0.18168571561174485,-0.2958795714912125,2000,0.9995002498750626,False
trend_momentum_verification,2.3626153101160488,2.6604312716477865,2.9638526896836557,1.9249886775851175,42.97851074462768,-0.6012373795676069,-0.31233294334066125,2000,0.9995002498750626,False
random,1.4366019885274357,2.845121756365584,3.280702846570656,2.0863016247468216,16.34182908545727,-1.8441008580432203,-0.8839090360517775,2000,0.9995002498750626,False
momentum_relative_strength,0.0882421686073838,10.187037599416794,15.610655806314416,18.800411817187637,0.0999500249875062,-15.522413637707032,-0.8256422140453431,2000,0.9995002498750626,False
