total_trades,average_return,median_return,win_rate,std_return,trade_level_return_ratio,average_win,average_loss,expected_value,average_holding_period_days,average_holding_period_hours,average_holding_bars,trades_per_month,stop_loss_exit_rate,take_profit_exit_rate
30,0.003572490278976358,0.005173398409245,0.5333333333333333,0.01766073474360944,0.20228435174641124,0.01692578304964025,0.011688415744639519,0.003572490278976358,18.266666666666666,438.4,12.733333333333333,0.0813691855284263,0.0,0.13333333333333333
