agent,actual_cumulative_return,median_simulated_return,mean_simulated_return,std_simulated_return,actual_percentile,p_value,p_value_prominence,p_value_interpretation,lower_5pct,upper_95pct,number_of_trades,transaction_cost,execution_cost_model,simulation_count,research_grade,reproducible,seed_used,null_model,bh_adjusted_p_value
trend_pullback,0.22130513622586698,0.08287216021754452,0.08644744035829785,0.1140009813554128,87.55622188905548,0.12493753123438281,0.9033070799641738,no evidence,-0.09009965014588146,0.28535482896081527,72,0.00047,stochastic_spread_slippage_plus_expected_commission,2000,False,True,42,structure_preserving_random_timing,0.37481259370314846
breakout_volume_momentum,0.06864226562924466,0.05773776528871033,0.05894664692514482,0.09263420420893387,53.92303848075962,0.4612693653173413,0.3360453876102994,no evidence,-0.09050745729563435,0.21174202985384435,56,0.00047,stochastic_spread_slippage_plus_expected_commission,2000,False,True,42,structure_preserving_random_timing,0.9225387306346825
mean_reversion_vol_filter,-0.04912810082356678,0.0036920580378660907,0.00506610880942783,0.06532016192166598,20.839580209895054,0.792103948025987,0.10121782208244108,no evidence,-0.09724220088664536,0.11619772773170077,60,0.00047,stochastic_spread_slippage_plus_expected_commission,2000,False,True,42,structure_preserving_random_timing,0.9505247376311845
momentum_relative_strength,-0.0960106427158462,0.5503795932299925,0.6663510308647287,0.531619793480828,1.6491754122938531,0.984007996001999,0.007001372498093215,no evidence,0.03630249338712992,1.6883911493426007,260,0.00047,stochastic_spread_slippage_plus_expected_commission,2000,False,True,42,structure_preserving_random_timing_shared_calendar,0.9840079960019988
trend_momentum_verification,0.027123690903822016,0.110159612715636,0.11622370059775358,0.12709478626412132,24.587706146926536,0.7546226886556722,0.12227014134304197,no evidence,-0.08290159969936045,0.3344221338971706,174,0.00047,stochastic_spread_slippage_plus_expected_commission,2000,False,True,42,structure_preserving_random_timing,0.9505247376311845
random,0.1824964733542533,0.05086752356668951,0.054175994273587644,0.10775960880458405,88.055972013993,0.1199400299850075,0.9210358469246054,no evidence,-0.11268081910503153,0.24001961814907943,90,0.00047,stochastic_spread_slippage_plus_expected_commission,2000,False,True,42,structure_preserving_random_timing,0.37481259370314846
