agent,actual_cumulative_return,median_simulated_return,mean_simulated_return,std_simulated_return,actual_percentile,RCSI,RCSI_z,simulation_count,bh_adjusted_p_value,research_grade
mean_reversion_vol_filter,-0.0250290457696603,0.0241023815996329,0.0265790560293943,0.0987068768034271,29.69406118776245,-0.051608101799054604,-0.5228420092941566,5000,0.8439112177564487,True
breakout_volume_momentum,0.4443264761118978,0.434956217385217,0.4985992940060201,0.4762431956506855,50.66986602679464,-0.054272817894122305,-0.11396030093400072,5000,0.837732453509298,True
trend_pullback,0.6148751040944033,0.7019831971462103,0.7991712866927339,0.6291947295832723,44.171165766846634,-0.18429618259833058,-0.2929080202569298,5000,0.837732453509298,True
trend_momentum_verification,2.362609374546074,2.6035343928124752,3.0122418761674004,1.9676718415748788,44.59108178364327,-0.6496325016213262,-0.33015286791997567,5000,0.837732453509298,True
random,2.7896979014511465,2.993376360843671,3.456097245078894,2.2485952559035725,45.79084183163367,-0.6663993436277473,-0.2963625142755904,5000,0.837732453509298,True
momentum_relative_strength,0.0882404671784096,10.353689090759644,15.460408512874553,17.568199793917895,0.0999800039992001,-15.372168045696144,-0.8749996144179771,5000,0.9992001599680064,True
