agent,actual_cumulative_return,median_simulated_return,mean_simulated_return,std_simulated_return,actual_percentile,p_value,p_value_prominence,p_value_interpretation,lower_5pct,upper_95pct,number_of_trades,transaction_cost,execution_cost_model,simulation_count,research_grade,reproducible,seed_used,null_model,bh_adjusted_p_value
trend_pullback,0.6149757347490095,0.6953022923817738,0.787591263665411,0.6283401020784395,44.97751124437781,0.5507246376811594,0.25906549412044516,no evidence,-0.05660695615942131,1.9154377410949024,134,0.00047,stochastic_spread_slippage_plus_expected_commission,2000,False,True,42,structure_preserving_random_timing,0.8425787106446776
breakout_volume_momentum,0.4443339825678595,0.42662894246094984,0.48973319227673473,0.45736192456809754,51.97401299350325,0.48075962018990503,0.31807201659839845,no evidence,-0.14046006784099674,1.345482660711652,117,0.00047,stochastic_spread_slippage_plus_expected_commission,2000,False,True,42,structure_preserving_random_timing,0.8425787106446776
mean_reversion_vol_filter,-0.025022141878309923,0.025321154757240647,0.028627260356770778,0.10080892177164114,29.83508245877061,0.7021489255372314,0.1535707643951127,no evidence,-0.13469114451382994,0.19699154022086438,16,0.00047,stochastic_spread_slippage_plus_expected_commission,2000,False,True,42,structure_preserving_random_timing,0.8425787106446776
momentum_relative_strength,0.0885828307220312,10.192168871044128,15.612270498454153,18.795287226023582,0.09995002498750624,0.9995002498750625,0.00021709297223020593,no evidence,2.1093691387920175,44.09545929965103,1097,0.00047,stochastic_spread_slippage_plus_expected_commission,2000,False,True,42,structure_preserving_random_timing_shared_calendar,0.9995002498750626
trend_momentum_verification,0.914740804394456,1.2770820451631277,1.4613813666068718,1.0478329074542627,34.282858570714644,0.657671164417791,0.18199119935827476,no evidence,0.12577963768253056,3.395520633741457,100,0.00047,stochastic_spread_slippage_plus_expected_commission,2000,False,True,42,structure_preserving_random_timing,0.8425787106446776
random,2.789741468724815,2.9516652742406313,3.4026363679028746,2.1898390898240523,46.52673663168416,0.5352323838080959,0.2714576178043558,no evidence,0.8314202579351847,7.499281948226151,312,0.00047,stochastic_spread_slippage_plus_expected_commission,2000,False,True,42,structure_preserving_random_timing,0.8425787106446776
