agent,actual_cumulative_return,median_simulated_return,mean_simulated_return,std_simulated_return,actual_percentile,RCSI,RCSI_z,simulation_count,bh_adjusted_p_value,research_grade
random,0.1824964733542533,0.0608132948974574,0.0635697703932168,0.108936466993839,85.62874251497006,0.11892670296103651,1.0917069943874949,500,0.7285429141716566,False
trend_pullback,0.0101584369110594,0.0001298275310693,0.0043345453043037,0.0644391028826031,55.688622754491014,0.0058238916067557,0.09037822294586911,500,0.8333333333333333,False
mean_reversion_vol_filter,-0.0123464615735292,-0.0048775936700535,-0.0053092774433835,0.0258541090607725,38.72255489021956,-0.007037184130145699,-0.27218822793715847,500,0.8333333333333333,False
breakout_volume_momentum,0.0035650772628672,0.0416118516751199,0.0406739164764395,0.0818650967015855,33.532934131736525,-0.0371088392135723,-0.45329255945108543,500,0.8333333333333333,False
momentum_relative_strength,-0.0960106427158462,0.5387564003295167,0.6625808260552848,0.5461211488247718,0.7984031936127743,-0.758591468771131,-1.3890534552701097,500,0.994011976047904,False
