best_name,trades,z,p,pct
a12_r0.0_s2.8_t2.8_h80_v1.5,30,-0.5185956281788904,0.6734653069386123,32.67346530693862
