best_name,trades,z,p,pct
a12_r630.0_r1260.0_s2.2_t3.4_h80_v1.5,14,0.3891516332246944,0.32611231461423096,67.40543242792867
