params,gate_pass,score,hold_trades,hold_z,hold_p,hold_pct,hold_actual,train_z,train_p,val_z,val_p
12_0.0_0.03_3.0_2.6_100_1.1,False,0.5195352243246475,39,0.5498838313660876,0.26363896029705797,73.66466723793202,0.40068447367382615,0.7104060089603582,0.2154696132596685,0.13233363525379202,0.430939226519337
12_0.0_0.03_3.0_2.6_125_1.1,False,0.471865092130339,39,0.5247611040704256,0.26820908311910885,73.20765495572694,0.40068447367382615,0.702927384293204,0.23204419889502761,0.10319185148354379,0.43646408839779005
12_0.0_0.03_2.0_2.6_75_1.1,False,0.5648078721071158,40,0.5071233691309686,0.27192230791202515,72.8363324764353,0.394073193771835,0.628374323502648,0.23756906077348067,0.2292512281624789,0.34806629834254144
12_0.0_0.03_2.0_2.6_100_1.1,False,0.49933407835542,40,0.49920811935753673,0.2833476149671522,71.69380177092259,0.394073193771835,0.708943744479985,0.23204419889502761,0.10806989188648469,0.40331491712707185
12_0.0_0.03_2.0_2.6_125_1.1,False,0.6022965957224955,40,0.4576475319537547,0.30477006569551557,69.55155669808626,0.394073193771835,0.5980028612307279,0.23756906077348067,0.31644843062436434,0.3867403314917127
12_0.01_0.0_3.0_2.6_100_1.3,False,0.5714104520639499,43,0.1220278968933466,0.4124535846900885,58.783204798628965,0.3633893262820078,0.48029001382772685,0.2541436464088398,0.3784132559157811,0.32044198895027626
20_0.01_0.03_3.0_2.6_75_1.3,False,0.5060392889864629,27,0.05706984862197939,0.4435875464153099,55.66980862610683,0.18103026068667988,0.651317122726744,0.24861878453038674,0.18068901708844803,0.40331491712707185
20_0.01_0.03_3.0_2.6_100_1.5,False,0.5603636579689378,27,0.01765726167946133,0.4578691802342188,54.24164524421594,0.17784636160605688,0.5948506940087815,0.2265193370165746,0.26385550539662034,0.3701657458563536
