agent,actual_cumulative_return,median_simulated_return,mean_simulated_return,std_simulated_return,actual_percentile,RCSI,RCSI_z
mean_reversion,8.309103382834618,1.8382378709505476,3.0338096921155637,3.961494891514488,91.78,6.47086551188407,1.3316421793244564
random,6.496169529358596,9.511623307692108,17.964497259258902,31.375694273864323,37.82,-3.0154537783335122,-0.3655163015612796
breakout,8.919936639630139,26.159140371915825,45.329632416258384,62.9298557688138,16.34,-17.239203732285688,-0.5785758656493192
trend,7.0018835747368815,27.524874866977974,47.069989318101655,66.06507511567578,9.36,-20.522991292241095,-0.6064945157968571
momentum,23.82902973487983,46.52690854237873,69.98204969345586,77.94268409876767,22.28,-22.6978788074989,-0.5921405003206164
