total_trades,average_return,median_return,win_rate,std_return,trade_level_return_ratio,average_win,average_loss,expected_value
132,0.026467879603795267,-0.02205544221902385,0.29545454545454547,0.16783997368717848,0.15769711483109689,0.19057810572883194,0.04235253780347816,0.026467879603795277
