total_trades,average_return,median_return,win_rate,std_return,trade_level_return_ratio,average_win,average_loss,expected_value
66,0.04049612006227964,0.053575059229154204,0.7727272727272727,0.10622079853478111,0.3812447338081301,0.08379610814489401,0.1067238394186092,0.040496120062279636
