agent,actual_cumulative_return,median_simulated_return,mean_simulated_return,std_simulated_return,actual_percentile,p_value,p_value_prominence,p_value_interpretation,lower_5pct,upper_95pct,number_of_trades,transaction_cost,simulation_count,reproducible,seed_used,null_model
trend,7.0018835747368815,27.524874866977974,47.069989318101655,66.06507511567578,9.36,0.9064,0.04268010314465918,no evidence,4.843086643309925,147.0795319353177,132,0.00047,5000,True,42,random_timing_matched_duration
mean_reversion,8.309103382834618,1.8382378709505476,3.0338096921155637,3.961494891514488,91.78,0.0822,1.0851281824599497,weak evidence,-0.3195766353372703,10.567110354625791,66,0.00047,5000,True,42,random_timing_matched_duration
random,6.496169529358596,9.511623307692108,17.964497259258902,31.375694273864323,37.82,0.6218,0.20634928229282698,no evidence,0.8374546570917007,62.190624209525126,80,0.00047,5000,True,42,random_timing_matched_duration
momentum,23.82902973487983,46.52690854237873,69.98204969345586,77.94268409876767,22.28,0.7772,0.10946720807225509,no evidence,11.510142070410863,204.4531606412322,44,0.00047,5000,True,42,random_timing_matched_duration
breakout,8.919936639630139,26.159140371915825,45.329632416258384,62.9298557688138,16.34,0.8366,0.07748213975538855,no evidence,4.170122384763132,148.13947538458194,43,0.00047,5000,True,42,random_timing_matched_duration
