total_trades,average_return,median_return,win_rate,std_return,trade_level_return_ratio,average_win,average_loss,expected_value
43,0.08842391897421979,-0.0084881250816616,0.4883720930232558,0.29822846214819854,0.29649725025332874,0.29915542918977794,0.11272888623154033,0.08842391897421975
