total_trades,average_return,median_return,win_rate,std_return,trade_level_return_ratio,average_win,average_loss,expected_value
44,0.15651462716133854,-0.018777718689551748,0.3409090909090909,0.5808695758167712,0.26944882926818897,0.5907271293932627,0.06807804640689796,0.1565146271613386
