total_trades,average_return,median_return,win_rate,std_return,trade_level_return_ratio,average_win,average_loss,expected_value
80,0.03841127180284631,0.0311173803698482,0.6,0.1611033024892091,0.23842634638367605,0.12925308040866815,0.0978514411058864,0.03841127180284632
