total_trades,average_return,median_return,win_rate,std_return,trade_level_return_ratio,average_win,average_loss,expected_value
100,0.014557167938962157,0.023059974670372,0.7,0.06331868795172114,0.22990318356030404,0.04548129239578443,0.05759912246028984,0.01455716793896215
