total_trades,average_return,median_return,win_rate,std_return,trade_level_return_ratio,average_win,average_loss,expected_value,average_holding_period_days,average_holding_period_hours,average_holding_bars,trades_per_month,stop_loss_exit_rate,take_profit_exit_rate
136,0.0036134709269505768,-0.00386514917321335,0.4338235294117647,0.026870339863212668,0.13447805071857932,0.03048596874986391,0.01697714428800899,0.003613470926950576,21.551470588235293,517.2352941176471,14.764705882352942,0.36375219683655535,0.07352941176470588,0.33088235294117646
